masking_mode,augmentation,rho,mean_top5_accuracy,sample_std_top5_accuracy,number_of_seeds,seed_ids,seed_0_top5_accuracy,seed_1_top5_accuracy,seed_2_top5_accuracy,seed_top5_accuracies,probe_epoch_index,source_pretraining_checkpoint_epoch,completed_pretraining_epochs,plot_element
dynamic,no_geom,0.125,0.5891333330688476,0.013273030229981499,3,"0,1,2",0.5739999998168945,0.5987999996948242,0.5945999996948242,"0.57400000,0.59880000,0.59460000",49,99,100,masking_curve
dynamic,no_geom,0.25,0.6115999998779297,0.030602614428762245,3,"0,1,2",0.6217999999389648,0.6358,0.5771999996948243,"0.62180000,0.63580000,0.57720000",49,99,100,masking_curve
dynamic,no_geom,0.375,0.6422666665039063,0.00961110473083791,3,"0,1,2",0.6324000000000001,0.6427999993896485,0.6516000001220703,"0.63240000,0.64280000,0.65160000",49,99,100,masking_curve
dynamic,no_geom,0.5,0.6512,0.004059556565897202,3,"0,1,2",0.6547999999389649,0.652,0.6468000000610351,"0.65480000,0.65200000,0.64680000",49,99,100,masking_curve
dynamic,no_geom,0.625,0.6742666667683919,0.005307855716955038,3,"0,1,2",0.6794000000610352,0.6688000002441405,0.6746,"0.67940000,0.66880000,0.67460000",49,99,100,masking_curve
dynamic,no_geom,0.75,0.6867333333943685,0.0029484459638744976,3,"0,1,2",0.6878000001220702,0.6890000000610351,0.6834,"0.68780000,0.68900000,0.68340000",49,99,100,masking_curve
dynamic,no_geom,0.825,0.6914666667480468,0.0035232561991419254,3,"0,1,2",0.691,0.6952000002441406,0.6881999999999999,"0.69100000,0.69520000,0.68820000",49,99,100,masking_curve
dynamic,no_geom,0.95,0.6710666658935547,0.010192807952268235,3,"0,1,2",0.6827999992675781,0.6659999991455078,0.6643999992675781,"0.68280000,0.66600000,0.66440000",49,99,100,masking_curve
static,no_geom,0.125,0.5121333333740234,0.011720636684756555,3,"0,1,2",0.4986000004882813,0.5187999995727539,0.5190000000610352,"0.49860000,0.51880000,0.51900000",49,99,100,masking_curve
static,no_geom,0.25,0.5004000001017253,0.021232993258081985,3,"0,1,2",0.5072,0.5174000002441407,0.47660000006103515,"0.50720000,0.51740000,0.47660000",49,99,100,masking_curve
static,no_geom,0.375,0.5376000001017253,0.0017776388079262723,3,"0,1,2",0.539000000427246,0.5356000003051757,0.5381999995727539,"0.53900000,0.53560000,0.53820000",49,99,100,masking_curve
static,no_geom,0.5,0.5268666668701172,0.016735989244816236,3,"0,1,2",0.5352000001220703,0.537800000366211,0.5076000001220703,"0.53520000,0.53780000,0.50760000",49,99,100,masking_curve
static,no_geom,0.625,0.5252666668497721,0.00400666105332411,3,"0,1,2",0.5214000001831054,0.5250000003051758,0.5294000000610352,"0.52140000,0.52500000,0.52940000",49,99,100,masking_curve
static,no_geom,0.75,0.5266000002441407,0.012757742811639917,3,"0,1,2",0.5120000001831054,0.5356000003662109,0.5322000001831055,"0.51200000,0.53560000,0.53220000",49,99,100,masking_curve
static,no_geom,0.825,0.5161333335774739,0.0038436091734026564,3,"0,1,2",0.5168000002441406,0.5196000000000001,0.5120000004882812,"0.51680000,0.51960000,0.51200000",49,99,100,masking_curve
static,no_geom,0.95,0.49480000006103514,0.005106858356221365,3,"0,1,2",0.49920000012207033,0.48919999975585937,0.49600000030517577,"0.49920000,0.48920000,0.49600000",49,99,100,masking_curve
dynamic,standard,0.75,0.6886000001220702,0.0,1,0,0.6886000001220702,,,0.68860000,49,99,100,standard_geometry_horizontal_reference
full_reconstruction,no_geom,0.125,0.3896000001831055,0.0,1,0,0.3896000001831055,,,0.38960000,49,5,6,horizontal_reference
full_reconstruction,no_geom,0.25,0.3896000001831055,0.0,1,0,0.3896000001831055,,,0.38960000,49,5,6,horizontal_reference
full_reconstruction,no_geom,0.375,0.3896000001831055,0.0,1,0,0.3896000001831055,,,0.38960000,49,5,6,horizontal_reference
full_reconstruction,no_geom,0.5,0.3896000001831055,0.0,1,0,0.3896000001831055,,,0.38960000,49,5,6,horizontal_reference
full_reconstruction,no_geom,0.625,0.3896000001831055,0.0,1,0,0.3896000001831055,,,0.38960000,49,5,6,horizontal_reference
full_reconstruction,no_geom,0.75,0.3896000001831055,0.0,1,0,0.3896000001831055,,,0.38960000,49,5,6,horizontal_reference
full_reconstruction,no_geom,0.825,0.3896000001831055,0.0,1,0,0.3896000001831055,,,0.38960000,49,5,6,horizontal_reference
full_reconstruction,no_geom,0.95,0.3896000001831055,0.0,1,0,0.3896000001831055,,,0.38960000,49,5,6,horizontal_reference
