alpha,num_seeds,num_converged,num_resolved,cosine_abs_mean,cosine_abs_std,probe_test_accuracy_mean,probe_test_accuracy_std,cosine_abs_sem,probe_test_accuracy_sem,d,oracle_plant
0.1,10,10,0,0.034510108451589624,0.02391693214371732,0.5028299957513809,0.0041225884975274706,0.0075631980217840305,0.0013036769507798244,4000,0.05
0.1333521432163324,10,10,0,0.05131778487069473,0.05019034671530987,0.5028299957513809,0.0041225884975274706,0.015871581217392978,0.0013036769507798244,4000,0.05
0.1778279410038923,10,10,0,0.0637724861455947,0.05437328274148223,0.5028299957513809,0.0041225884975274706,0.017194341732340815,0.0013036769507798244,4000,0.05
0.2371373705661655,10,10,0,0.0751216599712636,0.05647939710958867,0.5028299957513809,0.0041225884975274706,0.01786035357394308,0.0013036769507798244,4000,0.05
0.3162277660168379,10,10,4,0.09130808012357348,0.06016040562765472,0.5128899931907653,0.029110351928087207,0.019024390674300055,0.009205501558182968,4000,0.05
0.4216965034285823,10,10,4,0.20370335124427563,0.08277146812067362,0.5268900007009506,0.036435713800967905,0.026174636453734537,0.01152198437850895,4000,0.05
0.5623413251903491,10,10,6,0.32052655478386943,0.06953583334280902,0.5734099924564362,0.06319472532108411,0.021989161236115648,0.01998392681233413,4000,0.05
0.7498942093324559,10,10,10,0.4594806939198154,0.04704042645624765,0.6552299976348877,0.014853062299850818,0.014875488970738553,0.004696950709590741,4000,0.05
1.0,10,10,10,0.5483773771173027,0.01891744725547644,0.675550001859665,0.007567659010448839,0.005982222084340676,0.0023931039028514305,4000,0.05
1.333521432163324,10,10,10,0.6162646796913985,0.014311307290552454,0.6927000045776367,0.004911437636594448,0.0045256327332718884,0.0015531329517512807,4000,0.05
1.7782794100389228,10,10,10,0.6877835419010296,0.015397283652639007,0.7037600040435791,0.006069082269484378,0.004869048612201611,0.0019192123278514456,4000,0.05
2.3713737056616555,10,10,10,0.7494670664850543,0.011642961958382698,0.7145599961280823,0.00673848544469283,0.0036818278499183886,0.002130896198512192,4000,0.05
3.1622776601683795,10,10,10,0.7985669589362223,0.011219451325832566,0.7241800010204316,0.004686804561392647,0.0035479020287026825,0.0014820977362067227,4000,0.05
4.216965034285822,10,10,10,0.8377649566276567,0.007564118646693826,0.7295100033283234,0.0058472195953532665,0.002391984341530296,0.0018490531900484425,4000,0.05
5.62341325190349,10,10,10,0.8741531443423574,0.0037211193776760707,0.7361699998378753,0.004879678555640967,0.00117672126788447,0.0015430898485306135,4000,0.05
7.498942093324557,10,10,10,0.9028857044417714,0.003603332880384223,0.7392299950122834,0.006179905834273858,0.0011394739069789206,0.001954257816166845,4000,0.05
10.0,10,10,10,0.924378648232447,0.0032723993042952067,0.7414699971675873,0.004796072100225426,0.0010348235215123277,0.0015166511659099704,4000,0.05
