alpha,beta,rho,gamma_sigma,gamma_floor,gamma_eta,bayes_optimal_cosine,bayes_optimal_cosine_sq,bayes_optimal_status,bayes_M,bayes_C,bayes_snr_rep,bayes_downstream_test_accuracy,bayes_q_lambda,bayes_saddle_n_iter,bayes_saddle_status,bayes_saddle_n_gamma,bayes_saddle_tail_eps
0.0899999999999999,1,0.75,,,,1.3281954231769669e-06,1.764103082148242e-12,converged,4.205438383865291e-13,3.0358274766594893e-13,5.825664381939188e-13,0.500000000001181,3.3731416407341878e-12,118,converged,40,
0.0944323418170058,1,0.75,,,,1.3290856542393183e-06,1.7664686763047567e-12,converged,4.4167315328136327e-13,3.1883560571918756e-13,6.118362279190168e-13,0.5000000000012403,3.376339076046413e-12,120,converged,40,
0.0990829686782647,1,0.75,,,,1.3477328000951531e-06,1.816383700452322e-12,converged,4.763946142521052e-13,3.4390038033321377e-13,6.59934799340765e-13,0.5000000000013379,3.470832423784828e-12,122,converged,40,
0.1039626307385509,1,0.75,,,,1.3859198120609176e-06,1.920773725462969e-12,converged,5.284932699303009e-13,3.8150942746887864e-13,7.321054638535923e-13,0.5000000000014841,3.669678467722834e-12,124,converged,40,
0.1090826075788666,1,0.75,,,,1.4464138707456128e-06,2.092113085485306e-12,converged,6.039204226357807e-13,4.3595888119243694e-13,8.365923774255874e-13,0.500000000001696,3.996593873844668e-12,126,converged,40,
0.1144547342797539,1,0.75,,,,1.42236659885866e-06,2.0231267415487525e-12,converged,6.127233461167152e-13,4.4231354735064076e-13,8.48786796437064e-13,0.5000000000017207,3.8645281921654276e-12,129,converged,40,
0.1200914287786699,1,0.75,,,,1.4268171700362173e-06,2.0358072367101597e-12,converged,6.469025256459865e-13,4.669868591135161e-13,8.961341620652124e-13,0.5000000000018168,3.888594413965056e-12,132,converged,40,
0.1260057205746664,1,0.75,,,,1.461663881635679e-06,2.1364613028782803e-12,converged,7.123054160156436e-13,5.141999849552819e-13,9.867347734935154e-13,0.5000000000020004,4.080766989074531e-12,135,converged,40,
0.1322112808467225,1,0.75,,,,1.4279275799666117e-06,2.0389771736293042e-12,converged,7.132746875422412e-13,5.148996839793073e-13,9.88077475512546e-13,0.5000000000020032,3.894521561867456e-12,139,converged,40,
0.138722454055354,1,0.75,,,,1.534018853427585e-06,2.3532138426712824e-12,converged,8.637379355929214e-13,6.235162944169695e-13,1.1965095829290606e-12,0.5000000000024257,4.494703461407252e-12,142,converged,40,
0.1455542911005453,1,0.75,,,,1.4815531569783602e-06,2.1949997569525456e-12,converged,8.453415997271668e-13,6.102363229149711e-13,1.1710257049527623e-12,0.500000000002374,4.192499707850941e-12,147,converged,40,
0.1527225841126518,1,0.75,,,,1.5784827029292614e-06,2.4916076434468668e-12,converged,1.0068280215771066e-12,7.268103567756563e-13,1.3947278758243794e-12,0.5000000000028275,4.7590234345450536e-12,151,converged,40,
0.160243902956693,1,0.75,,,,1.6336624406730564e-06,2.668852970065848e-12,converged,1.1315620964526413e-12,8.168535573218629e-13,1.5675181513885122e-12,0.5000000000031778,5.097564039884547e-12,156,converged,40,
0.1681356335344172,1,0.75,,,,1.6569850334049548e-06,2.745599400928019e-12,converged,1.2214315011747272e-12,8.81728603217977e-13,1.692011472256989e-12,0.5000000000034303,5.2441507173942686e-12,162,converged,40,
0.1764160179726768,1,0.75,,,,1.6628308000782382e-06,2.7650062696888337e-12,converged,1.2906435125747775e-12,9.316914624360422e-13,1.787888741833039e-12,0.5000000000036245,5.281218072735006e-12,169,converged,40,
0.1851041967910096,1,0.75,,,,1.6680701382869566e-06,2.7824579862446665e-12,converged,1.3627526816626532e-12,9.837457257147823e-13,1.8877793548016703e-12,0.500000000003827,5.3145511704783926e-12,177,converged,40,
0.1942202531458993,1,0.75,,,,1.7800569201112602e-06,3.1686026388359855e-12,converged,1.6283001368148415e-12,1.175439477263188e-12,2.2556340729039305e-12,0.5000000000045729,6.052095279590153e-12,185,converged,40,
0.2037852592539886,1,0.75,,,,1.8409552610736824e-06,3.3891162732748703e-12,converged,1.8273906519415625e-12,1.3191592041966658e-12,2.5314280370252895e-12,0.500000000005132,6.473280790908122e-12,195,converged,40,
0.2138213251015534,1,0.75,,,,1.8846815892257124e-06,3.552024692766357e-12,converged,2.009551574740081e-12,1.4506577744117943e-12,2.783769957857751e-12,0.5000000000056435,6.7844391747442696e-12,207,converged,40,
0.2243516495528336,1,0.75,,,,1.9540573258714323e-06,3.818340032791813e-12,converged,2.2666059877932205e-12,1.6362205573878663e-12,3.1398595260909164e-12,0.5000000000063655,7.293106873307182e-12,221,converged,40,
0.2354005739753588,1,0.75,,,,2.022062254731836e-06,4.088735762011196e-12,converged,2.5466468601377847e-12,1.838376836294357e-12,3.5277915290329558e-12,0.500000000007152,7.809568197958072e-12,238,converged,40,
0.2469936385062272,1,0.75,,,,2.089362925875388e-06,4.365437436022563e-12,converged,2.8528944239344533e-12,2.0594512366238647e-12,3.95202685520191e-12,0.5000000000080119,8.338074005002427e-12,259,converged,40,
0.2591576410894004,1,0.75,,,,2.2651481537947645e-06,5.13089615863983e-12,converged,3.5182719628140625e-12,2.539774862963801e-12,4.8737538845780525e-12,0.5000000000098805,9.800115683629802e-12,284,converged,40,
0.2719206994204797,1,0.75,,,,2.4212731821418174e-06,5.862563822559163e-12,converged,4.217955719947293e-12,3.0448635079509093e-12,5.843004262417309e-12,0.5000000000118455,1.1197615755082263e-11,317,converged,40,
0.2853123159421561,1,0.75,,,,2.5561230243074057e-06,6.533764915394438e-12,converged,4.93237613129083e-12,3.5605902685595908e-12,6.832668873852013e-12,0.5000000000138519,1.2479623449900503e-11,362,converged,40,
0.2993634460405695,1,0.75,,,,2.8035152963302077e-06,7.859698016757452e-12,converged,6.225536638032745e-12,4.494098702109793e-12,8.624044330244261e-12,0.5000000000174836,1.5012182554608666e-11,424,converged,40,
0.3141065696002205,1,0.75,,,,3.106257228324491e-06,9.64883396851815e-12,converged,8.019070232196806e-12,5.7888171282300126e-12,1.1108571226980005e-11,0.5000000000225204,1.8429468494225244e-11,518,converged,40,
0.3295757660828352,1,0.75,,,,3.601261506308047e-06,1.2969084436816103e-11,converged,1.130932674971123e-11,8.16399189705377e-12,1.5666462331729038e-11,0.5000000000317606,2.477121420115024e-11,675,converged,40,
0.33,1,0.75,,,,3.649980447883461e-06,1.3322357269931551e-11,converged,1.163234246981961e-11,8.397170916456028e-12,1.611392606883799e-11,0.5000000000326678,2.544597247440517e-11,680,converged,40,
0.33235,1,0.75,,,,3.7161494906985706e-06,1.3809767037219245e-11,converged,1.214378862630314e-11,8.766374350907786e-12,1.682241669100731e-11,0.500000000034104,2.6376935011326143e-11,714,converged,40,
0.3347,1,0.75,,,,3.858235850080228e-06,1.48859838748443e-11,converged,1.3182731918464125e-11,9.516368122107498e-12,1.826163286289586e-11,0.5000000000370218,2.843253098964132e-11,750,converged,40,
0.33705,1,0.75,,,,3.967746088525452e-06,1.5743009023009025e-11,converged,1.4039584002873725e-11,1.0134913649082779e-11,1.944860368806265e-11,0.5000000000394281,3.006946639734481e-11,791,converged,40,
0.3394,1,0.75,,,,4.0799509465496e-06,1.664599972625098e-11,converged,1.494837158663591e-11,1.0790950443688316e-11,2.0707519162303546e-11,0.5000000000419804,3.179419694711145e-11,837,converged,40,
0.34175,1,0.75,,,,4.193799547983735e-06,1.7587954648668583e-11,converged,1.590362124626313e-11,1.1480527343667518e-11,2.2030797120491304e-11,0.500000000044663,3.359334994542824e-11,889,converged,40,
0.3441,1,0.75,,,,4.358137495017199e-06,1.8993362425474787e-11,converged,1.7292536135484726e-11,1.2483159078725133e-11,2.3954818176328506e-11,0.5000000000485636,3.627770729131355e-11,947,converged,40,
0.3458067933037317,1,0.75,,,,4.459727632106487e-06,1.9889170552574137e-11,converged,1.819794534805572e-11,1.3136757090225143e-11,2.5209053696915633e-11,0.5000000000511063,3.798871897500818e-11,995,converged,40,
0.34645,1,0.75,,,,4.515136852987819e-06,2.0386460801208743e-11,converged,1.8687644594364253e-11,1.349026183611968e-11,2.5887418993619992e-11,0.5000000000524816,3.8938553431582565e-11,1014,converged,40,
0.3488,1,0.75,,,,4.706330284096084e-06,2.214954474299993e-11,converged,2.0441532155001893e-11,1.475636053062469e-11,2.8317025460090666e-11,0.5000000000574071,4.230607950380254e-11,1091,converged,40,
0.35115,1,0.75,,,,4.922349789066673e-06,2.422952744592472e-11,converged,2.251177713787217e-11,1.6250831743573184e-11,3.1184872128507733e-11,0.5000000000632211,4.627888863431301e-11,1181,converged,40,
0.3535,1,0.75,,,,5.157154774604772e-06,2.65962453692288e-11,converged,2.487607817557467e-11,1.7957576534084748e-11,3.446006560087547e-11,0.5000000000698609,5.0799367848745306e-11,1288,converged,40,
0.35585,1,0.75,,,,5.425633375320671e-06,2.943749752339358e-11,converged,2.7716604321644128e-11,2.000809934180495e-11,3.839495906127788e-11,0.5000000000778382,5.622621706437968e-11,1417,converged,40,
0.3582,1,0.75,,,,5.726900140118485e-06,3.2797385214889124e-11,converged,3.108400471324916e-11,2.2438962833515072e-11,4.305971520083568e-11,0.500000000087295,6.264367067061016e-11,1576,converged,40,
0.36055,1,0.75,,,,6.124753131236816e-06,3.7512600918595176e-11,converged,3.5786138674606005e-11,2.5833345577047252e-11,4.9573436681618896e-11,0.5000000001005003,7.164982825675142e-11,1775,converged,40,
0.3628371700877854,1,0.75,,,,6.563067632715414e-06,4.3073856751596715e-11,converged,4.1352111891363406e-11,2.9851317755905655e-11,5.7283808100482944e-11,0.5000000001161315,8.227193964145899e-11,2027,converged,40,
0.3629,1,0.75,,,,6.57555283996046e-06,4.323789515111207e-11,converged,4.1516781279449566e-11,2.997018951368726e-11,5.751191953652724e-11,0.500000000116594,8.258525631008959e-11,2035,converged,40,
0.36525,1,0.75,,,,7.177130344361249e-06,5.1511199979951016e-11,converged,4.9781050328407266e-11,3.5936011091397866e-11,6.896015713865976e-11,0.500000000139803,9.83874362578694e-11,2386,converged,40,
0.3676,1,0.75,,,,7.958508825256696e-06,6.333786272168872e-11,converged,6.160430621347773e-11,4.447099883933189e-11,8.533854968616994e-11,0.5000000001730069,1.20976601855472e-10,2890,converged,40,
0.36995,1,0.75,,,,9.064270479017012e-06,8.216099931677929e-11,converged,8.042311830745984e-11,5.8055948045877535e-11,1.1140767097945886e-10,0.5000000002258569,1.5692917434936226e-10,3676,converged,40,
0.3723,1,0.75,,,,1.0787349494319888e-05,1.1636690911260354e-10,converged,1.1462905150352527e-10,8.274857278327919e-11,1.5879209763546498e-10,0.5000000003219194,2.2226315550030774e-10,5082,converged,40,
0.37465,1,0.75,,,,1.4135998438100371e-05,1.9982645184197613e-10,converged,1.980846751298696e-10,1.4299362982385249e-10,2.744006049055539e-10,0.5000000005562926,3.816725740082139e-10,8358,converged,40,
0.377,1,0.75,,,,2.6418551472626923e-05,6.979398619118381e-10,converged,6.961959879264485e-10,5.025708896254666e-10,9.644188782324636e-10,0.5000000019551673,1.3330792837542552e-09,25931,converged,40,
0.37935,1,0.75,,,,0.0318743118582075,0.0010159717564342673,converged,0.0010159717581830446,0.0007336933208210918,0.001406852950862891,0.5028080607391892,0.0019360471612011,19583,converged,40,
0.3807062629960537,1,0.75,,,,0.0446519803402745,0.0019937993483082604,converged,0.0019937993500599755,0.001440373673693138,0.0027598642775155846,0.5054277854732413,0.0037909836725396,11676,converged,40,
0.3817,1,0.75,,,,0.0520455870727116,0.0027087431337432044,converged,0.002708743135496532,0.0019573977528718222,0.0037484917734960004,0.5072936822078211,0.0051420336431771,9116,converged,40,
0.38405,1,0.75,,,,0.0662901636086931,0.004394385791267298,converged,0.0043943857930287085,0.00317750662659567,0.006077289134928304,0.5115350317661548,0.0083101977530128,6116,converged,40,
0.3864,1,0.75,,,,0.0779291577670065,0.006072953630274989,converged,0.006072953632041602,0.004394039630034952,0.008393362127376607,0.5155503859501038,0.0114412201725703,4666,converged,40,
0.38875,1,0.75,,,,0.0880028395973658,0.007744499777199693,converged,0.007744499778973565,0.0056070161584691035,0.010696826107042524,0.5193564582707823,0.0145357649187966,3802,converged,40,
0.3911,1,0.75,,,,0.0970003955700124,0.009409076740738882,converged,0.009409076742521302,0.00681645542332249,0.012987794923993422,0.5229685451446688,0.0175944801156795,3225,converged,40,
0.39345,1,0.75,,,,0.1051985571856443,0.011066736433941274,converged,0.011066736435729679,0.00802237646371183,0.015266380964779683,0.5264006569512929,0.0206179984911918,2811,converged,40,
0.3958,1,0.75,,,,0.1127720274977267,0.012717530185948027,converged,0.012717530187734997,0.00922479815061363,0.017532695180456862,0.5296656360975709,0.0236069378380098,2499,converged,40,
0.39815,1,0.75,,,,0.1198395124788993,0.014361508751180262,converged,0.014361508752978154,0.010423739189288319,0.019786847110854284,0.5327752634708056,0.0265619014536324,2254,converged,40,
0.3994553773235364,1,0.75,,,,0.1235790423024784,0.015271779696397746,converged,0.015271779698190869,0.011088229737757438,0.021033768299000298,0.5344395005486313,0.0281888630437018,2140,converged,40,
0.4005,1,0.75,,,,0.1264860558311628,0.015998722319724032,converged,0.015998722321525848,0.011619218122602219,0.022028944910104264,0.5357403544979187,0.0294834785674529,2057,converged,40,
0.40285,1,0.75,,,,0.1327750749373159,0.017629220524609857,converged,0.017629220526409604,0.012811253332261052,0.024259095367832422,0.5385708458800428,0.0323722447476886,1895,converged,40,
0.4052,1,0.75,,,,0.1387553690874917,0.019253052450606045,converged,0.01925305245240656,0.013999863041175724,0.026477403932087907,0.5412758739703758,0.035228762297125,1759,converged,40,
0.40755,1,0.75,,,,0.1444654513808514,0.02087026664267314,converged,0.020870266644479784,0.01518506531566126,0.028683974731571176,0.5438638456467936,0.038053580634868,1643,converged,40,
0.4099,1,0.75,,,,0.1499363568784802,0.022480911113990976,converged,0.02248091111580299,0.01636687806741099,0.030878910597064175,0.546342502442138,0.0408472366645072,1543,converged,40,
0.41225,1,0.75,,,,0.1551935351543074,0.024085033353691245,converged,0.024085033355503768,0.017545319055340878,0.033062313082254685,0.548718978613632,0.0436102551294615,1456,converged,40,
0.4146,1,0.75,,,,0.1602581677617637,0.025682680334357593,converged,0.025682680336185464,0.018720405887345807,0.0352342824840432,0.5509998537601057,0.0463431489561135,1379,converged,40,
0.41695,1,0.75,,,,0.1651481108594179,0.02727389852043459,converged,0.027273898522267692,0.019892156022731762,0.037394917863750085,0.5531912005325508,0.0490464195871454,1311,converged,40,
0.4191278525784138,1,0.75,,,,0.1695371748573371,0.028742853658607296,converged,0.02874285366046297,0.0209751065859334,0.03938724378644322,0.5551469831449662,0.0515256437969984,1254,converged,40,
0.4193,1,0.75,,,,0.1698785856858716,0.02885873387463202,converged,0.02885873387647977,0.021060586773361825,0.039544317065603775,0.5552986279209877,0.0517205573005386,1250,converged,40,
0.42165,1,0.75,,,,0.1744626947688538,0.03043723186601024,converged,0.030437231867878944,0.022225715305994025,0.04168257673709962,0.5573273205583111,0.0543660415209731,1195,converged,40,
0.424,1,0.75,,,,0.1789118148060488,0.032009437477193904,converged,0.03200943747905403,0.023387558644089895,0.04380979234805208,0.5592820744281958,0.0569833411196576,1146,converged,40,
0.42635,1,0.75,,,,0.1832359004406689,0.03357539521030273,converged,0.033575395212174536,0.024546133668836317,0.04592605820789356,0.561167329326959,0.0595729147023611,1101,converged,40,
0.4287,1,0.75,,,,0.1874437224752762,0.03513514909538836,converged,0.03513514909726829,0.025701457121880166,0.0480314674858001,0.5629871983975896,0.062135210892314,1060,converged,40,
0.43105,1,0.75,,,,0.1915430570302242,0.03668874269648372,converged,0.036688742698344635,0.0268535456065366,0.05012611222771574,0.564745495012395,0.0646706686001758,1023,converged,40,
0.4334,1,0.75,,,,0.1955408374675649,0.03823621911751663,converged,0.038236219119404675,0.028002415588973564,0.05221008337305082,0.5664457572602746,0.0671797172852218,988,converged,40,
0.43575,1,0.75,,,,0.1994432776775339,0.03977762101075789,converged,0.039777621012657124,0.029148083401095447,0.05428347077417505,0.5680912702687012,0.0696627772123648,956,converged,40,
0.4381,1,0.75,,,,0.2032559730530507,0.041312990581742474,converged,0.04131299058361907,0.03029056524117724,0.05634636321153922,0.56968508655927,0.0721202596954599,927,converged,40,
0.4397691626634711,1,0.75,,,,0.2059123475723769,0.042399894882767346,converged,0.04239989488466355,0.031100123199359078,0.057805272175499516,0.5707873109974189,0.0738504509745037,907,converged,40,
0.44045,1,0.75,,,,0.2069839839098479,0.04284236959519218,converged,0.04284236959710357,0.03142987717521249,0.05839884840983045,0.5712300446257538,0.0745525673346214,899,converged,40,
0.4428,1,0.75,,,,0.2106319049515601,0.044365799383523044,converged,0.04436579938540821,0.0325660351399607,0.06044101305691408,0.5727287859017349,0.076960094250248,874,converged,40,
0.44515,1,0.75,,,,0.2142039235165068,0.045883320849865496,converged,0.04588332085176227,0.033699054942520026,0.062472942816251244,0.5741837702604484,0.0793432263012111,850,converged,40,
0.4475,1,0.75,,,,0.2177038687675327,0.0473949744763511,converged,0.047394974478291496,0.03482895226332136,0.064494722345222,0.5755972901911125,0.0817023413045699,827,converged,40,
0.44985,1,0.75,,,,0.2211352534753781,0.04890080032961972,converged,0.0489008003315677,0.035955742657379365,0.06650643531005127,0.5769714837664552,0.0840378092442592,806,converged,40,
0.4522,1,0.75,,,,0.2245013097195916,0.05040083806581199,converged,0.050400838067719916,0.03707944155526682,0.06850816440000307,0.5783083465134853,0.086349992472652,787,converged,40,
0.45455,1,0.75,,,,0.227805019558049,0.05189512693584308,converged,0.05189512693778347,0.038200064264317234,0.07049999134175003,0.5796097422874292,0.0886392459064739,768,converged,40,
0.4569,1,0.75,,,,0.2310491415117793,0.05338370579333022,converged,0.05338370579524035,0.039317625971523634,0.07248199691651784,0.5808774132401958,0.0909059172208661,751,converged,40,
0.45925,1,0.75,,,,0.2342362335270432,0.05486661309693552,converged,0.054866613098879746,0.04043214174297845,0.07445426097085117,0.5821129889586063,0.0931503470292003,734,converged,40,
0.4614270209912817,1,0.75,,,,0.2371399141051484,0.05623533886179716,converged,0.056235338863777615,0.041461915272272915,0.0762727268230833,0.5832303071240867,0.0952100132128727,719,converged,40,
0.4616,1,0.75,,,,0.2373686729930631,0.056343886918487726,converged,0.05634388692045951,0.04154362652696457,0.07641686243363902,0.5833179948541226,0.0953728690662496,718,converged,40,
0.46395,1,0.75,,,,0.2404486742461078,0.05781556494671086,converged,0.05781556494869754,0.04265209515434026,0.07836987932811826,0.5844938598633227,0.0975738103593691,703,converged,40,
0.4663,1,0.75,,,,0.2434783039467965,0.05928168449280862,converged,0.05928168449479153,0.04375756234011869,0.0803133887857811,0.5856419235238852,0.0997534913974098,689,converged,40,
0.46865,1,0.75,,,,0.2464594946346562,0.06074228249557012,converged,0.06074228249752525,0.044860042684783295,0.08224746705960442,0.586763442479099,0.1019122262939835,676,converged,40,
0.471,1,0.75,,,,0.2493940567174636,0.062197395525993446,converged,0.06219739552796992,0.04595955067534314,0.08417218953661691,0.5878595964605401,0.1040503229452718,663,converged,40,
0.47335,1,0.75,,,,0.2522836891149012,0.06364705979342411,converged,0.06364705979539027,0.04705610068734329,0.08608763075193714,0.588931493795152,0.1061680831854791,651,converged,40,
0.4757,1,0.75,,,,0.2551299887288836,0.06509131114880028,converged,0.06509131115080133,0.04814970698514404,0.08799386439958329,0.5899801764749412,0.1082658029336093,639,converged,40,
0.47805,1,0.75,,,,0.257934458905814,0.06653018509103506,converged,0.06653018509303162,0.04924038372413809,0.08989096334647877,0.5910066248300894,0.1103437723405705,628,converged,40,
0.4804,1,0.75,,,,0.260698517007836,0.06796371677008495,converged,0.0679637167721187,0.050328144950990916,0.09177899964281959,0.5920117618354425,0.1124022759273296,617,converged,40,
0.48275,1,0.75,,,,0.263423501216566,0.06939194099319415,converged,0.06939194099521762,0.05141300460582644,0.093658044535644,0.5929964570848757,0.1144415927236869,607,converged,40,
0.4841514907761273,1,0.75,,,,0.2650305486991024,0.0702411917437473,converged,0.07024119174578602,0.05205861666720272,0.09477441648918462,0.593574317686131,0.1156487781461284,601,converged,40,
0.4851,1,0.75,,,,0.2661106766512424,0.07081489222778208,converged,0.07081489222983338,0.05249497652242352,0.09552816847876555,0.5939615304578103,0.1164619963983704,597,converged,40,
0.48745,1,0.75,,,,0.2687612408952561,0.07223260460755788,converged,0.07223260460958178,0.053574074430372036,0.09738944114592597,0.5949077555070121,0.118463755390037,588,converged,40,
0.4898,1,0.75,,,,0.2713763289884383,0.07364511193524108,converged,0.07364511193727162,0.054650311955231956,0.09924193144032067,0.5958358625873019,0.1204471330298518,579,converged,40,
0.49215,1,0.75,,,,0.2739570179574181,0.07505244768812111,converged,0.0750524476901924,0.05572370262040802,0.10108570750691838,0.5967465417496702,0.1224123876646291,570,converged,40,
0.4945,1,0.75,,,,0.2765043309286589,0.07645464502230531,converged,0.07645464502435274,0.05679425984826499,0.10292083674329905,0.5976404454178883,0.1243597727747435,562,converged,40,
0.49685,1,0.75,,,,0.2790192408699191,0.07785173677562593,converged,0.07785173677767968,0.057861996960485385,0.10474738580903412,0.5985181908653178,0.1262895370869529,554,converged,40,
0.4992,1,0.75,,,,0.2815026740068441,0.07924375547300354,converged,0.07924375547509381,0.05892692717989459,0.10656542063742638,0.5993803625098646,0.1282019246875083,546,converged,40,
0.50155,1,0.75,,,,0.2839555129425902,0.0806307333304895,converged,0.0806307333325424,0.059989063631527964,0.10837500644578693,0.6002275140398915,0.1300971751303754,539,converged,40,
0.5039,1,0.75,,,,0.2863785995111355,0.08201270225795933,converged,0.08201270226000139,0.06104841934294176,0.11017620774427614,0.6010601703846006,0.1319755235406954,532,converged,40,
0.5062500000000001,1,0.75,,,,0.2887727373979329,0.08338969386429552,converged,0.08338969386635249,0.06210500724599352,0.11196908834710083,0.6018788295429518,0.1338372007188223,525,converged,40,
0.5079951007576022,1,0.75,,,,0.2905323398676544,0.08440904050897426,converged,0.0844090405110379,0.06288784202980952,0.11329512812057956,0.6024779866788565,0.1352090223858135,520,converged,40,
0.5086,1,0.75,,,,0.2911386945440241,0.08476173946079855,converged,0.08476173946289664,0.06315884017761257,0.1137537113818411,0.6026839642803687,0.1356824332391844,518,converged,40,
0.51095,1,0.75,,,,0.2934772053591252,0.08612887006540214,converged,0.08612887006745706,0.06420993088105535,0.1155301392994581,0.6034760237047316,0.1375114435475815,512,converged,40,
0.5133000000000001,1,0.75,,,,0.2957889727577898,0.08749111640510852,converged,0.08749111640714298,0.0652582920061638,0.11729843388247488,0.6042554347299616,0.1393244500535331,506,converged,40,
0.51565,1,0.75,,,,0.2980746700424796,0.0888485089209331,converged,0.0888485089229689,0.06630393611108064,0.11905865625548646,0.6050226034377006,0.1411216672235058,500,converged,40,
0.518,1,0.75,,,,0.3003349426408371,0.09020107777107492,converged,0.09020107777313374,0.06734687566296681,0.12081086689384365,0.6057779163431519,0.1429033056693498,494,converged,40,
0.5203500000000001,1,0.75,,,,0.3025704097139394,0.09154885283446115,converged,0.09154885283656512,0.06838712303895246,0.12255512563260243,0.606521741573294,0.1446695722349101,488,converged,40,
0.5227,1,0.75,,,,0.3047816656471825,0.09289186371467095,converged,0.0928918637167242,0.06942469052731963,0.12429149167572974,0.6072544299641313,0.1464206700808746,483,converged,40,
0.52505,1,0.75,,,,0.3069692814299989,0.09423013974164987,converged,0.09423013974379021,0.07045959032746178,0.1260200236031389,0.6079763160820886,0.1481567987645602,477,converged,40,
0.5274000000000001,1,0.75,,,,0.3091338059450904,0.0955637099780968,converged,0.0955637099802243,0.07149183455248431,0.12774077938201508,0.6086877191778997,0.149878154323664,472,converged,40,
0.52975,1,0.75,,,,0.3112757671579591,0.09689260321977598,converged,0.09689260322190896,0.07252143522841313,0.1294538163723502,0.6093889440739331,0.1515849293500635,467,converged,40,
0.5321,1,0.75,,,,0.3133956732319701,0.09821684800051977,converged,0.09821684800267674,0.07354840429605114,0.13115919133678383,0.6100802819939504,0.153277313067727,462,converged,40,
0.5330129666234025,1,0.75,,,,0.3142134063139495,0.09873006470741512,converged,0.09873006470959393,0.0739466708880316,0.13181966896549327,0.610346257853007,0.1539309566193077,460,converged,40,
0.5344500000000001,1,0.75,,,,0.3154940135651677,0.09953647259545823,converged,0.09953647259753062,0.07457275361185171,0.13285696044868028,0.6107620113371282,0.1549554914063798,458,converged,40,
0.5368,1,0.75,,,,0.317571259755107,0.10085150502244566,converged,0.10085150502457563,0.0755944949478173,0.13454717929847984,0.6114343984004361,0.1566196470710299,453,converged,40,
0.53915,1,0.75,,,,0.3196278665069615,0.10216197304779201,converged,0.10216197304999942,0.07661363999379109,0.1362299029039039,0.6120976980553161,0.1582699596151568,448,converged,40,
0.5415000000000001,1,0.75,,,,0.3216642724768643,0.1034679041880704,converged,0.10346790419023912,0.07763020035759141,0.13790518571647103,0.6127521543790484,0.1599066055071433,444,converged,40,
0.5438500000000001,1,0.75,,,,0.3236809010618537,0.10476932571221353,converged,0.10476932571435894,0.07864418756533219,0.13957308162822357,0.6133980012455539,0.1615297581954153,440,converged,40,
0.5462,1,0.75,,,,0.3256781611435633,0.10606626464585278,converged,0.10606626464798963,0.07965561306298372,0.1412336439803929,0.6140354628791916,0.1631395881747404,436,converged,40,
0.5485500000000001,1,0.75,,,,0.3276564477830445,0.10735874777380296,converged,0.1073587477759456,0.08066448821693006,0.14288692557030344,0.6146647543727859,0.1647362630485949,432,converged,40,
0.5509000000000001,1,0.75,,,,0.3296161428737303,0.1086468016429554,converged,0.10864680164511821,0.08167082431476444,0.1445329786585699,0.6152860821731708,0.1663199475904964,428,converged,40,
0.55325,1,0.75,,,,0.3315576157549796,0.10993045256512671,converged,0.10993045256732414,0.0826746325660736,0.14617185497617544,0.6158996445363797,0.1678908038037763,424,converged,40,
0.5556000000000001,1,0.75,,,,0.3334812237890835,0.11120972661986481,converged,0.11120972662211213,0.08367592410321263,0.14780360573143736,0.6165056319545938,0.1694489909798424,420,converged,40,
0.5579500000000001,1,0.75,,,,0.3353873129050576,0.112484649657675,converged,0.11248464965984059,0.08467470998231517,0.14942828161725843,0.6171042275569537,0.1709946657555303,417,converged,40,
0.559262918411972,1,0.75,,,,0.3364447202418662,0.11319504977862763,converged,0.11319504978079983,0.08523163344240994,0.15033290783445366,0.6174355033583396,0.1718528260373203,415,converged,40,
0.5603,1,0.75,,,,0.3372762181075148,0.11375524730090789,converged,0.11375524730314984,0.0856710011830679,0.15104593281627604,0.617695607485162,0.1725279821662523,413,converged,40,
0.56265,1,0.75,,,,0.3391482639637681,0.11502154494963775,converged,0.11502154495182182,0.08666480861116135,0.1526566090102703,0.6182799412478892,0.1740490917038508,410,converged,40,
0.5650000000000001,1,0.75,,,,0.3410037650541519,0.11628356778110724,converged,0.11628356778324582,0.08765614309731896,0.1542603593839198,0.6188573920518906,0.1755581433653782,407,converged,40,
0.56735,1,0.75,,,,0.3428430264037933,0.11754134075371213,converged,0.11754134075596516,0.08864501539876134,0.1558572326324281,0.6194281171147646,0.1770552837061136,403,converged,40,
0.5697,1,0.75,,,,0.3446663438905945,0.11879488861090953,converged,0.11879488861313901,0.0896314362006286,0.15744727696898306,0.6199922679591792,0.1785406568912246,400,converged,40,
0.5720500000000001,1,0.75,,,,0.3464740046252003,0.12004423588102331,converged,0.12004423588324031,0.0906154161152496,0.15903054012865575,0.6205499906886097,0.1800144047413706,397,converged,40,
0.5744,1,0.75,,,,0.3482662873169794,0.12128940688155285,converged,0.12128940688376806,0.09159696568380028,0.16060706937607686,0.6211014262483463,0.1814766667825182,394,converged,40,
0.57675,1,0.75,,,,0.3500434626173842,0.12253042572116807,converged,0.12253042572339222,0.09257609537675056,0.16217691151107094,0.6216467106707498,0.1829275802918827,391,converged,40,
0.5791000000000001,1,0.75,,,,0.3518057934459354,0.12376731630212415,converged,0.12376731630436794,0.09355281559454195,0.1637401128745842,0.6221859753065763,0.184367280343283,388,converged,40,
0.58145,1,0.75,,,,0.3535535352993132,0.12500010232264272,converged,0.1250001023249169,0.09452713666825806,0.16529671935452303,0.6227193470431428,0.1857958998514036,385,converged,40,
0.5838000000000001,1,0.75,,,,0.3552869365446147,0.12622880727925706,converged,0.12622880728157282,0.09549906886028629,0.16684677639149795,0.6232469485101847,0.1872135696149899,382,converged,40,
0.58615,1,0.75,,,,0.3570062386984263,0.12745345446959774,converged,0.12745345447180068,0.09646862236521413,0.16839032898486767,0.6237688982743216,0.1886204183595505,380,converged,40,
0.5868056341895066,1,0.75,,,,0.3574834289367679,0.12779440196438918,converged,0.12779440196663414,0.09673869825003499,0.16881981533180032,0.6239135260329053,0.1890110062792926,379,converged,40,
0.5885,1,0.75,,,,0.3587116766886593,0.12867406699278922,converged,0.12867406699505177,0.09743580730950552,0.16992742169676486,0.624285311022085,0.1900165727763514,377,converged,40,
0.5908500000000001,1,0.75,,,,0.3604034791098727,0.12989066775450045,converged,0.1298906677568349,0.0984006337535828,0.1714580986598795,0.6247962977341388,0.1914021575658134,374,converged,40,
0.5932,1,0.75,,,,0.3620818684604096,0.13110327946778133,converged,0.13110327947002745,0.09936311169174247,0.17298240358171602,0.6253019658488614,0.1927772954751423,372,converged,40,
0.59555,1,0.75,,,,0.3637470613679125,0.1323119246537919,converged,0.1323119246561287,0.10032325105203793,0.1745003797487428,0.625802419417054,0.1941421073349896,369,converged,40,
0.5979000000000001,1,0.75,,,,0.3653992688105529,0.1335166256472867,converged,0.13351662564955136,0.10128106169859283,0.17601207003431435,0.6262977592495906,0.1954967121006259,367,converged,40,
0.60025,1,0.75,,,,0.3670386963181453,0.13471740459492368,converged,0.13471740459729914,0.10223655343026654,0.1775175169007561,0.6267880830553525,0.1968412268841594,364,converged,40,
0.6026,1,0.75,,,,0.3686655441740956,0.13591428346118203,converged,0.13591428346350046,0.10318973598319517,0.1790167624075044,0.6272734855738341,0.1981757669945115,362,converged,40,
0.6049500000000001,1,0.75,,,,0.3702800075983733,0.1371072840270514,converged,0.13710728402932149,0.10414061902967393,0.18050984821341035,0.627754058698976,0.1995004459684788,360,converged,40,
0.6073,1,0.75,,,,0.3718822769291391,0.1382964278940009,converged,0.13829642789623073,0.1050892121797224,0.18199681558320602,0.6282298915979004,0.200815375606942,358,converged,40,
0.60965,1,0.75,,,,0.3734725377922959,0.13948173648501788,converged,0.13948173648739315,0.10603552498117536,0.18347770539158914,0.6287010708228072,0.2021206660070476,355,converged,40,
0.6120000000000001,1,0.75,,,,0.3750509712672231,0.1406632310484874,converged,0.1406632310508364,0.10697956692120376,0.1849525581294842,0.6291676804178614,0.2034164255967924,353,converged,40,
0.61435,1,0.75,,,,0.3766177540388539,0.14184093265727066,converged,0.14184093265960077,0.10792134742544249,0.1864214139064981,0.6296298020195024,0.204702761163611,351,converged,40,
0.6157047803103154,1,0.75,,,,0.3775157809065546,0.14251816483348573,converged,0.14251816483578042,0.10846326201099216,0.18726550291379054,0.6298942077464521,0.2054400950946229,350,converged,40,
0.6167,1,0.75,,,,0.3781730585493152,0.14301486221254378,converged,0.14301486221486243,0.108860875859506,0.18788431245705484,0.6300875149528743,0.2059797778875144,349,converged,40,
0.6190500000000001,1,0.75,,,,0.3797170531398454,0.14418504044520816,converged,0.14418504044752223,0.10979816152929484,0.1893412931445751,0.6305408963228787,0.2072475793708756,347,converged,40,
0.6214,1,0.75,,,,0.3812499021872087,0.1453514879177562,converged,0.1453514879200728,0.1107332136815373,0.19079239496597045,0.6309900211008457,0.2085062676680635,345,converged,40,
0.62375,1,0.75,,,,0.3827717662342831,0.14651422502611267,converged,0.14651422502843858,0.11166604150432473,0.19223765655606734,0.6314349622069635,0.2097559433144083,343,converged,40,
0.6261000000000001,1,0.75,,,,0.3842828021151203,0.1476732720014487,converged,0.14767327200379093,0.11259665412763979,0.1936771161919671,0.6318757905887078,0.2109967053545177,341,converged,40,
0.62845,1,0.75,,,,0.3857831630747672,0.1488286489119724,converged,0.14882864891433784,0.11352506062387877,0.19511081179734008,0.6323125752954958,0.2122286513699595,339,converged,40,
0.6308,1,0.75,,,,0.3872729988841132,0.14998037566469435,converged,0.14998037566709022,0.1144512700083679,0.19653878094665872,0.6327453835497809,0.2134518775063291,337,converged,40,
0.6331500000000001,1,0.75,,,,0.3887524559500153,0.15112847200716858,converged,0.15112847200960203,0.1153752912398726,0.19796106086936438,0.6331742808147824,0.2146664784997148,335,converged,40,
0.6355,1,0.75,,,,0.3902216774209374,0.1522729575292101,converged,0.15227295753168887,0.1162971332211017,0.19937768845397744,0.6335993308590424,0.2158725477025798,333,converged,40,
0.63785,1,0.75,,,,0.3916808032889742,0.1534138516650961,converged,0.15341385166742486,0.1172168047994496,0.20078870025251833,0.6340205958180894,0.217070177109604,332,converged,40,
0.6402000000000001,1,0.75,,,,0.3931299704846012,0.1545511736932234,converged,0.15455117369560764,0.11813431476651555,0.20219413248300522,0.6344381362527127,0.2182594573803293,330,converged,40,
0.64255,1,0.75,,,,0.3945693129739821,0.15568494274076025,converged,0.1556849427432079,0.11904967186004131,0.20359402103561172,0.6348520112056605,0.2194404778665263,328,converged,40,
0.6449,1,0.75,,,,0.3959989618468526,0.15681517778378504,converged,0.15681517778609932,0.11996288476367001,0.20498840147543007,0.6352622782548032,0.2206133266343124,327,converged,40,
0.6460271585847579,1,0.75,,,,0.3966812793833202,0.15735603741318774,converged,0.15735603741554438,0.1204001416513268,0.2056552606294159,0.6354577958063901,0.2211729998843676,326,converged,40,
0.6472500000000001,1,0.75,,,,0.3974190454009303,0.1579418976473867,converged,0.15794189764977434,0.12087396210670177,0.20637730904519344,0.6356689935639074,0.221778090485773,325,converged,40,
0.6496,1,0.75,,,,0.398829689228654,0.15906512101022474,converged,0.1590651210126948,0.12178291246599106,0.20776077867121928,0.6360722119320971,0.2229348549847243,323,converged,40,
0.65195,1,0.75,,,,0.4002310162951307,0.16018486640463317,converged,0.16018486640698312,0.12268974436570819,0.20913884496604088,0.6364719868401995,0.2240837044773755,322,converged,40,
0.6543000000000001,1,0.75,,,,0.4016231470129939,0.16130115221662092,converged,0.16130115221906377,0.12359446627706785,0.21051154223095717,0.6368683704950504,0.2252247221124662,320,converged,40,
0.65665,1,0.75,,,,0.4030061993200708,0.16241399669040865,converged,0.16241399669295453,0.12449708662021658,0.21187890446181395,0.6372614138728138,0.2263579898656044,318,converged,40,
0.659,1,0.75,,,,0.4043802887486832,0.1635234179284684,converged,0.16352341793090516,0.12539761376398345,0.21324096535149284,0.6376511667595237,0.2274835885585513,317,converged,40,
0.6613500000000001,1,0.75,,,,0.4057455284921759,0.16462943389139512,converged,0.16462943389394663,0.12629605602556573,0.21459775829226999,0.6380376777898709,0.2286015978779473,315,converged,40,
0.6637,1,0.75,,,,0.4071020294754406,0.16573206240302252,converged,0.16573206240547395,0.12719242167268993,0.2159493163818698,0.6384209944854046,0.2297120963989349,314,converged,40,
0.66605,1,0.75,,,,0.408449900414003,0.16683132114820895,converged,0.16683132115056817,0.12808671892232198,0.2172956724242668,0.6388011632896784,0.2308151616009585,313,converged,40,
0.6684000000000001,1,0.75,,,,0.4097892478773293,0.16792722767586724,converged,0.16792722767835389,0.1289789559418541,0.21863685893418566,0.6391782296029789,0.2319108698884871,311,converged,40,
0.67075,1,0.75,,,,0.4111201763497424,0.1690197994018433,converged,0.16901979940424525,0.12986914085021314,0.21997290814143716,0.6395522378155929,0.2329992966111707,310,converged,40,
0.6731,1,0.75,,,,0.4124427882831242,0.17010905360675802,converged,0.17010905360930104,0.13075728171662532,0.22130385199169222,0.6399232313387454,0.2340805160786017,308,converged,40,
0.6754500000000001,1,0.75,,,,0.4137571841569252,0.1711950074414677,converged,0.17119500744393293,0.1316433865629353,0.22262972215255933,0.6402912526357574,0.2351546015823133,307,converged,40,
0.6778,1,0.75,,,,0.4150634625268758,0.17227767792479926,converged,0.17227767792719278,0.13252746336233445,0.2239505500142304,0.6406563432504768,0.2362216254097351,306,converged,40,
0.6778428606949434,1,0.75,,,,0.4150872124379449,0.17229739392950358,converged,0.17229739393189178,0.1325435688976995,0.22397459343073983,0.6406629750319166,0.2362410212985568,306,converged,40,
0.68015,1,0.75,,,,0.4163617200781757,0.17335708194645713,converged,0.17335708194900737,0.1334095200404985,0.2252663666937105,0.6410185438355674,0.2372816588629512,304,converged,40,
0.6825000000000001,1,0.75,,,,0.4176520516768309,0.17443323626986623,converged,0.174433236272351,0.13428956447668863,0.22657720303894238,0.6413778941796678,0.2383347722770263,303,converged,40,
0.68485,1,0.75,,,,0.4189345504137493,0.17550615753037024,converged,0.17550615753279494,0.1351676045027174,0.22788308962971218,0.6417344332326286,0.2393810350334485,302,converged,40,
0.6872,1,0.75,,,,0.4202093076528364,0.1765758622380761,converged,0.17657586224067576,0.13604364790406215,0.22918405678172885,0.6420881991306334,0.2404205155778242,300,converged,40,
0.6895500000000001,1,0.75,,,,0.4214764130775114,0.177642366780685,converged,0.17764236678323042,0.13691770242096513,0.2304801345506344,0.6424392292203536,0.2414532814372145,299,converged,40,
0.6919,1,0.75,,,,0.4227359547301243,0.1787056874215897,converged,0.17870568742408555,0.1377897757473733,0.2317713527327789,0.6427875600813241,0.2424793992325738,298,converged,40,
0.69425,1,0.75,,,,0.4239880190562256,0.1797658403032223,converged,0.17976584030567314,0.13865987553228418,0.23305774086953293,0.6431332275484252,0.2434989346959954,297,converged,40,
0.6966000000000001,1,0.75,,,,0.4252326909436885,0.18082284144721048,converged,0.1808228414498589,0.1395280093796367,0.2343393282494055,0.6434762667329532,0.2445119526845693,295,converged,40,
0.69895,1,0.75,,,,0.4264700537642791,0.18187670675770712,converged,0.1818767067603164,0.14039418484964222,0.23561614391226274,0.6438167120434722,0.2455185171970023,294,converged,40,
0.7013,1,0.75,,,,0.4277001894076916,0.18292745201937527,converged,0.18292745202194977,0.1412584094577017,0.23688821664994533,0.6441545972049607,0.2465186913848423,293,converged,40,
0.7036500000000001,1,0.75,,,,0.4289231783206693,0.18397509290070466,converged,0.18397509290324823,0.1421206906757372,0.23815557501042411,0.6444899552781932,0.2475125375685405,292,converged,40,
0.706,1,0.75,,,,0.4301390995417999,0.18501964495463044,converged,0.1850196449571471,0.14298103593230654,0.2394182473001232,0.6448228186779532,0.248500117250664,291,converged,40,
0.70835,1,0.75,,,,0.4313480307358292,0.18606112361967786,converged,0.18606112362217123,0.14383945261295694,0.24067626158656874,0.6451532191906859,0.2494814911293527,290,converged,40,
0.7107000000000001,1,0.75,,,,0.4325500482268959,0.18709954422109,converged,0.1870995442235638,0.14469594806057504,0.24192964570100062,0.6454811879915194,0.2504567191115101,289,converged,40,
0.7112254302151331,1,0.75,,,,0.4328178660129204,0.1873313051399783,converged,0.18733130514264063,0.14488718752377813,0.24220925594739598,0.6455541881382758,0.2506739330446144,288,converged,40,
0.71305,1,0.75,,,,0.4337452270307345,0.1881349219719434,converged,0.18813492197440113,0.1455505295757326,0.24317842724094973,0.6458067556606876,0.2514258603257344,288,converged,40,
0.7154,1,0.75,,,,0.4349336408852626,0.18916727197371055,converged,0.18916727197640518,0.1464032044167912,0.24442263357243224,0.6461299521992837,0.2523889731344952,286,converged,40,
0.7177500000000001,1,0.75,,,,0.4361153622833118,0.19019660921950432,converged,0.19019660922218964,0.14725397980119775,0.2456622918338542,0.6464508070449185,0.2533461151485748,285,converged,40,
0.7201,1,0.75,,,,0.4372904624982259,0.1912229485919123,converged,0.19122294859459188,0.14810286290438082,0.24689742893638766,0.6467693490859422,0.2542973432362319,284,converged,40,
0.72245,1,0.75,,,,0.4384590116147929,0.1922463048662211,converged,0.19224630486889835,0.1489498608610446,0.24812807156781536,0.6470856066760708,0.2552427135371741,283,converged,40,
0.7248000000000001,1,0.75,,,,0.4396210785562057,0.19326669271092156,converged,0.19326669271360006,0.14979498076525477,0.24935424619458932,0.6473996076480739,0.2561822814737706,282,converged,40,
0.72715,1,0.75,,,,0.440776731110825,0.1942841266887445,converged,0.19428412669142767,0.15063822967076404,0.2505759790642079,0.647711379327089,0.2571161017625459,281,converged,40,
0.7295,1,0.75,,,,0.4419260359581488,0.19529862125768302,converged,0.1952986212603742,0.15147961459133358,0.25179329620756263,0.6480209485434918,0.258044228425453,280,converged,40,
0.7318500000000001,1,0.75,,,,0.4430690586940163,0.19631019077200165,converged,0.19631019077470444,0.15231914250105025,0.2530062234412535,0.6483283416453404,0.2589667148009295,279,converged,40,
0.7342,1,0.75,,,,0.4442058638550764,0.19731884948323464,converged,0.1973188494859524,0.15315682033464137,0.2542147863698734,0.6486335845104105,0.2598836135547426,278,converged,40,
0.73655,1,0.75,,,,0.4453365149425448,0.1983246115411714,converged,0.1983246115439076,0.1539926549877864,0.25541901038826453,0.6489367025578392,0.2607949766906289,277,converged,40,
0.7389000000000001,1,0.75,,,,0.446461074445275,0.19932749099482938,converged,0.1993274909975876,0.15482665331742415,0.2566189206837425,0.6492377207593906,0.2617008555607302,276,converged,40,
0.74125,1,0.75,,,,0.4475796038621694,0.20032750179341646,converged,0.2003275017962002,0.15565882214205817,0.25781454223829303,0.6495366636503607,0.2626013008758332,275,converged,40,
0.7436,1,0.75,,,,0.4486921637245784,0.20132465778784384,converged,0.2013246577903852,0.15648916824230064,0.2590058998310887,0.6498335553402232,0.26349636271592,275,converged,40,
0.7459500000000001,1,0.75,,,,0.4497988136149545,0.20231897272942057,converged,0.20231897273199081,0.15731769836020335,0.2601930180392396,0.6501284195225074,0.2643860905380125,274,converged,40,
0.746252032611361,1,0.75,,,,0.449940619684232,0.2024465612418307,converged,0.20244656124437146,0.15742405343980648,0.26034528564176596,0.6501661709634763,0.2645000580643404,274,converged,40,
0.7483,1,0.75,,,,0.4508996121911593,0.20331046027413788,converged,0.2033104602767404,0.15814441920100086,0.2613759212419836,0.6504212794852199,0.2652705331888578,273,converged,40,
0.75065,1,0.75,,,,0.4519946172039596,0.204299133981354,converged,0.2042991339839923,0.15896933743244013,0.2625546336213887,0.6507121581200963,0.2661497389124154,272,converged,40,
0.7530000000000001,1,0.75,,,,0.4530838855170811,0.20528500731525548,converged,0.20528500731793323,0.15979245968530953,0.2637291791647551,0.6510010779319866,0.2670237553596718,271,converged,40,
0.75535,1,0.75,,,,0.4541674731261066,0.20626809364575277,converged,0.2062680936484738,0.16061379255372552,0.2648995816666473,0.65128806104787,0.2678926295977831,270,converged,40,
0.7577,1,0.75,,,,0.4552454351768557,0.2072484062493647,converged,0.20724840625213276,0.16143334259541633,0.2660658647308999,0.6515731292255962,0.2687564081190479,269,converged,40,
0.7600500000000001,1,0.75,,,,0.4563178259832625,0.20822595831009102,converged,0.20822595831291016,0.16225111633200218,0.2672280517725962,0.6518563038623619,0.2696151368497138,268,converged,40,
0.7624,1,0.75,,,,0.4573846990454006,0.20920076292085166,converged,0.20920076292344164,0.1630671202495162,0.2683861660203684,0.6521376060030184,0.2704688611591261,268,converged,40,
0.76475,1,0.75,,,,0.458446107063908,0.21017283308205217,converged,0.2101728330846951,0.16388136079771137,0.2695402305169532,0.6524170563477156,0.2713176258662125,267,converged,40,
0.7671000000000001,1,0.75,,,,0.4595021019601993,0.2111421817058414,converged,0.21114218170854127,0.16469384439177837,0.27069026812314895,0.6526946752601455,0.2721614752508043,266,converged,40,
0.76945,1,0.75,,,,0.4605527348900221,0.21210882161467895,converged,0.2121088216174401,0.16550457741165503,0.2718363015183335,0.6529704827747251,0.2730004530598314,265,converged,40,
0.7718,1,0.75,,,,0.4615980562596894,0.2130727655427234,converged,0.21307276554555035,0.16631356620253193,0.272978353202662,0.6532444986039796,0.2738346025158474,264,converged,40,
0.7741500000000001,1,0.75,,,,0.4626381157419104,0.21403402613722528,converged,0.21403402613983177,0.16712081707535906,0.27411644549924047,0.6535167421457087,0.274663966325415,264,converged,40,
0.7765,1,0.75,,,,0.4636729622881072,0.2149926159570285,converged,0.21499261595970198,0.16792633630614287,0.2752506005545783,0.6537872324895468,0.2754885866848626,263,converged,40,
0.77885,1,0.75,,,,0.4647026441465544,0.21594854747679915,converged,0.21594854747954437,0.1687301301376431,0.27638084034240423,0.6540559884241368,0.2763085052908517,262,converged,40,
0.7812000000000001,1,0.75,,,,0.4657272088739679,0.21690183308553654,converged,0.2169018330883584,0.16953220477867528,0.27750718666408714,0.654323028443306,0.2771237633458793,261,converged,40,
0.7830036336132382,1,0.75,,,,0.4665101245536902,0.21763169631109952,converged,0.2176316963137562,0.1701466377735864,0.27836903426460613,0.6545268301627198,0.2777463412144327,261,converged,40,
0.78355,1,0.75,,,,0.4667467033504313,0.2178524850884955,converged,0.21785248509110428,0.17033256640484218,0.2786296611510495,0.6545883707525434,0.277934401566594,261,converged,40,
0.7859,1,0.75,,,,0.467761173790269,0.21880051570565023,converged,0.21880051570833658,0.17113122115782906,0.2797482852651512,0.6548520332748238,0.278740460189036,260,converged,40,
0.78825,1,0.75,,,,0.468770665758733,0.21974593707588577,converged,0.21974593707865486,0.17192817514707665,0.2808630803023864,0.6551140336570506,0.2795419789786385,259,converged,40,
0.7906,1,0.75,,,,0.4697752241822422,0.22068876125547593,converged,0.22068876125833323,0.17272343444908367,0.2819740673932389,0.6553743892755501,0.2803389972352376,258,converged,40,
0.79295,1,0.75,,,,0.4707748933619764,0.22162900021998028,converged,0.22162900022262877,0.17351700510812773,0.2830812675050094,0.6556331172418761,0.2811315538008784,258,converged,40,
0.7953,1,0.75,,,,0.4717697169834408,0.22256666586263582,converged,0.22256666586537335,0.1743088931355436,0.2841847014421079,0.655890234407992,0.281919687064548,257,converged,40,
0.79765,1,0.75,,,,0.4727597381319244,0.22350176999856575,converged,0.22350177000139834,0.1750991045113961,0.2852843898496742,0.6561457573720846,0.2827034349717013,256,converged,40,
0.8,1,0.75,,,,0.473744999301515,0.22443432436319244,converged,0.22443432436612637,0.17588764518376737,0.28638035321385,0.6563997024834604,0.2834828350287896,255,converged,40,
0.8215651863702547,1,0.75,,,,0.4825712530230184,0.23287501424420604,converged,0.23287501424717524,0.18304683308471884,0.29626719756207237,0.6586591171774198,0.2904384186053294,249,converged,40,
0.8620258278252001,1,0.75,,,,0.4981612350733934,0.2481646161298487,converged,0.2481646161329325,0.19611596281846366,0.31402684317651913,0.6625822824097566,0.3026006837181095,239,converged,40,
0.9044790847586306,1,0.75,,,,0.5133112398776158,0.26348842898469527,converged,0.263488428987569,0.20934479408989753,0.3316354367069859,0.6663127383488403,0.314256350432366,231,converged,40,
0.949023089980662,1,0.75,,,,0.5280475696072013,0.27883423576807215,converged,0.2788342357710597,0.22272355385990025,0.34908086590130943,0.6698646701725368,0.3254275130883404,223,converged,40,
0.9957608091698334,1,0.75,,,,0.5423925760730138,0.2941897065791201,converged,0.29418970658214777,0.23624194853592195,0.3663514629609912,0.6732504792450764,0.3361352037035726,216,converged,40,
1.044800278883378,1,0.75,,,,0.5563653753706304,0.3095424309113024,converged,0.30954243091466144,0.24988918699389276,0.3834360249405257,0.6764811132348458,0.3463994464500018,209,converged,40,
1.0962548562890913,1,0.75,,,,0.5699824127523853,0.3248799508470305,converged,0.3248799508505715,0.2636540069925874,0.4003238322398687,0.6795663173679385,0.3562393095097818,203,converged,40,
1.1502434811960451,1,0.75,,,,0.5832579146812095,0.340189795038273,converged,0.3401897950417659,0.2775247049087725,0.41700466518323465,0.6825148294869429,0.3656729544077749,198,converged,40,
1.2068909509898635,1,0.75,,,,0.5962042546996604,0.35545951332197756,converged,0.3554595133256483,0.29148916869181934,0.4334688186897725,0.6853345341485243,0.3747176829268386,193,converged,40,
1.2663282091080668,1,0.75,,,,0.6088322525956015,0.3706767118006343,converged,0.3706767118041701,0.3055349138981418,0.4497071150426958,0.6880325862300003,0.3833899817040449,189,converged,40,
1.3286926477223318,1,0.75,,,,0.6211514213120071,0.3858290881979265,converged,0.38582908820150946,0.3196491226273582,0.4657109147643478,0.6906155114018817,0.3917055645979134,185,converged,40,
1.3941284253273083,1,0.75,,,,0.6331701724715445,0.4009044673076454,converged,0.4009044673114551,0.3338186851524502,0.48147212561478114,0.6930892887471174,0.3996794129244982,181,converged,40,
1.4627867999701392,1,0.75,,,,0.6448959887663956,0.4158908363269871,converged,0.4158908363306136,0.3480302439964449,0.4969832097280144,0.6954594193910353,0.4073258136461818,178,converged,40,
1.534826478890937,1,0.75,,,,0.6563355695571357,0.4307763798658897,converged,0.4307763798694746,0.36227024017838694,0.5122371889064734,0.6977309840219732,0.4146583955988915,175,converged,40,
1.6104139853824502,1,0.75,,,,0.667494954607784,0.4455495144268476,converged,0.4455495144305208,0.37652496132343555,0.5272276480994011,0.6999086914845529,0.4216901638441411,172,converged,40,
1.6897240437169128,1,0.75,,,,0.6783796298031214,0.46019892213182,converged,0.4601989221357138,0.39078059130095816,0.5419487370900897,0.701996920122365,0.4284335322217182,169,converged,40,
1.7729399830298769,1,0.75,,,,0.6889946178932019,0.47471358348579934,converged,0.47471358348940823,0.40502326103481073,0.5563951704245126,0.7039997531766728,0.4349003541830257,167,converged,40,
1.860254161094598,1,0.75,,,,0.6993445566808609,0.4890828089591499,converged,0.4890828089625827,0.41923910010821963,0.5705622256153687,0.7059210092705657,0.4411019519777822,165,converged,40,
1.9518684089665843,1,0.75,,,,0.7094337665978974,0.5032962691892799,converged,0.5032962691926268,0.43341428877411375,0.5844457396632702,0.7077642687988969,0.4470491442704964,163,converged,40,
2.047994497526088,1,0.75,,,,0.7192663092299002,0.5173440235932024,converged,0.5173440235965433,0.44753510996785617,0.5980421039374634,0.7095328968830532,0.4527522722533106,161,converged,40,
2.148854626997007,1,0.75,,,,0.7288460380665951,0.5312165472053726,converged,0.5312165472087824,0.4615880009174879,0.6113482574666498,0.7112300634253879,0.4582212243253789,159,converged,40,
2.2546819405737337,1,0.75,,,,0.7381766425204976,0.5449047555628346,converged,0.5449047555663894,0.47555960394580127,0.6243616786944465,0.7128587607002612,0.4634654594045014,157,converged,40,
2.365721063343209,1,0.75,,,,0.7472616860749894,0.5584000274756361,converged,0.5584000274794175,0.48943681606453593,0.6370803757596766,0.7144218188413822,0.4684940289351031,155,converged,40,
2.482228667747961,1,0.75,,,,0.7561046392785451,0.5716942255385388,converged,0.5716942255419599,0.5032068369722642,0.6495028753674025,0.715921919523525,0.4733155976549962,154,converged,40,
2.6044740668971835,1,0.75,,,,0.7647089081829032,0.5847797142542878,converged,0.5847797142574289,0.5168572150829356,0.6616282103213509,0.7173616080870707,0.4779384631796798,153,converged,40,
2.7327398370973586,1,0.75,,,,0.7730778587381003,0.5976493756710862,converged,0.5976493756746026,0.5303758912354659,0.673455905795813,0.7187433043139618,0.4823705744653225,151,converged,40,
2.8673224710414065,1,0.75,,,,0.7812148375751983,0.6102966224476434,converged,0.6102966224509666,0.5437512397584299,0.6849859644283842,0.7200693120307888,0.4866195492054374,150,converged,40,
3.008533063166267,1,0.75,,,,0.7891231895463144,0.6227154082797485,converged,0.6227154082829288,0.5569721065938207,0.69621885031985,0.7213418276879792,0.4906926902139433,149,converged,40,
3.156698028763117,1,0.75,,,,0.7968062723563358,0.6349002356663992,converged,0.6349002356694795,0.57002784422092,0.7071554720350394,0.7225629480423773,0.4945970008523905,148,converged,40,
3.3121598585025254,1,0.75,,,,0.8042674685656815,0.6468461609930496,converged,0.6468461609960667,0.5829083431540196,0.7177971646990042,0.7237346770518445,0.4983391995489405,147,converged,40,
3.475277910118624,1,0.75,,,,0.8115101952218923,0.6585487969490738,converged,0.6585487969520619,0.595604059829691,0.7281456712887717,0.7248589320756039,0.50192573346036,146,converged,40,
3.646429239082352,1,0.75,,,,0.8185379113486514,0.6700043123150127,converged,0.6700043123180023,0.6081060407394695,0.7382031232231149,0.7259375494612832,0.5053627913248038,145,converged,40,
3.82600947018388,1,0.75,,,,0.8253541235001869,0.6812094291787617,converged,0.6812094291817826,0.6204059427060737,0.7479720203550964,0.7269722895889472,0.5086563155517576,144,converged,40,
4.014433712038952,1,0.75,,,,0.8319623895715647,0.6921614176616279,converged,0.6921614176647086,0.6324960492437314,0.7574552104735813,0.7279648414334179,0.5118120135938469,143,converged,40,
4.212137516633042,1,0.75,,,,0.838366321040793,0.702858088255474,converged,0.7028580882586434,0.6443692829852488,0.7666558684205684,0.7289168266985376,0.5148353686435547,142,converged,40,
4.419577886121397,1,0.75,,,,0.8445695838067125,0.7132977818914437,converged,0.7132977818941424,0.6560192141995592,0.7755774749309856,0.729829803570522,0.5177316496964105,142,converged,40,
4.637234329212179,1,0.75,,,,0.8505758977732933,0.723479357872844,converged,0.7234793578756633,0.6674400654622574,0.7842237953001351,0.7307052701319263,0.5205059210192496,141,converged,40,
4.865609969574646,1,0.75,,,,0.8563890353297063,0.733402179832945,converged,0.7334021798359127,0.67862671258028,0.7925988579832667,0.731544667473078,0.5231630510643139,140,converged,40,
5.105232708834495,1,0.75,,,,0.8620128188540683,0.7430660998687368,converged,0.7430660998713119,0.6895746819035213,0.8007069332270141,0.7323493825334457,0.5257077208620661,140,converged,40,
5.3566564468446405,1,0.75,,,,0.867451117371866,0.7524714410296988,converged,0.7524714410324452,0.700280144189413,0.8085525118306002,0.7331207507019936,0.5281444319290937,139,converged,40,
5.620462362052236,1,0.75,,,,0.872707842492691,0.7616189783482474,converged,0.7616189783506565,0.710739905213765,0.8161402841302904,0.7338600582023753,0.5304775137256488,139,converged,40,
5.897260254921474,1,0.75,,,,0.8777869437298014,0.7705099185825055,converged,0.7705099185851054,0.7209513933426205,0.8234751192940497,0.7345685442858872,0.5327111306900724,138,converged,40,
6.187689957517644,1,0.75,,,,0.8826924033195351,0.7791458788780169,converged,0.7791458788803197,0.7309126443029128,0.8305620450103993,0.7352474032529078,0.5348492888846157,138,converged,40,
6.492422812510671,1,0.75,,,,0.8874282306298678,0.7875288645188577,converged,0.78752886452137,0.7406222834015032,0.8374062276466737,0.7358977863210994,0.5368958422757679,137,converged,40,
6.812163225017048,1,0.75,,,,0.8919984562614833,0.7956612459728694,converged,0.7956612459751139,0.7500795054571252,0.844012952948036,0.7365208033569661,0.5388544986800858,137,converged,40,
7.147650290867185,1,0.75,,,,0.8964071259180865,0.8035457353967241,converged,0.8035457353991966,0.7592840527137966,0.8503876073393833,0.7371175244853991,0.5407288253956961,136,converged,40,
7.499659505062127,1,0.75,,,,0.9006582941356566,0.8111853627953508,converged,0.8111853627975775,0.7682361910109577,0.8565356598875093,0.7376889815905003,0.5425222545469999,136,converged,40,
7.869004554368707,1,0.75,,,,0.9047560179346408,0.818583451988948,converged,0.8185834519914226,0.7769366844824419,0.8624626449716016,0.7382361697193742,0.5442380881598065,135,converged,40,
8.256539198196908,1,0.75,,,,0.9087043504714224,0.8257435965656896,converged,0.8257435965679343,0.7853867690557695,0.8681741457049295,0.7387600483995131,0.5458795029912098,135,converged,40,
8.663159242107085,1,0.75,,,,0.9125073347405726,0.8326696359553434,converged,0.8326696359573856,0.7935881250139363,0.8736757781415004,0.7392615428790725,0.5474495551286812,135,converged,40,
9.089804608509002,1,0.75,,,,0.9161689973893656,0.8393656317774355,converged,0.839365631779731,0.8015428488749516,0.8789731762960326,0.7397415452984683,0.5489511843788712,134,converged,40,
9.537461509339078,1,0.75,,,,0.919693342689321,0.8458358445870569,converged,0.8458358445891583,0.809253424831165,0.8840719779976427,0.7402009158006815,0.5503872184604868,134,converged,40,
10.007164725738267,1,0.75,,,,0.9230843467043152,0.8520847111305323,converged,0.852084711132911,0.8167226959769655,0.8889778115911859,0.7406404835868348,0.5517603770146633,133,converged,40,
10.5,1,0.75,,,,0.9263459516977994,0.8581168222269018,converged,0.8581168222290917,0.8239538355392698,0.8936962834945857,0.741061047922899,0.5530732754490972,133,converged,40,
