pretraining_epoch,n_independent_pretraining_seeds,test_accuracy_mean,test_accuracy_std,test_accuracy_sem,selected_by_validation,pretraining_images,linear_probe_training_images,test_images,error_bar_definition,linear_probe_validation_accuracy_mean,linear_probe_validation_accuracy_std,linear_probe_validation_cross_entropy_mean
1,5,0.35282,0.0060309203277774,0.0026971095639591,False,40000,40000,10000,sample SD across five independent encoder/split seeds,0.3500199854373932,0.0104459138488263,1.8096607446670527
2,5,0.36624,0.0079600879392127,0.0035598595477911,False,40000,40000,10000,sample SD across five independent encoder/split seeds,0.3650599956512451,0.004142220876045,1.7702964067459106
4,5,0.3968399999999999,0.0100788392188783,0.0045073939255405,False,40000,40000,10000,sample SD across five independent encoder/split seeds,0.3924199879169464,0.0135803897794341,1.6871915340423584
8,5,0.4095000000000001,0.0091498633869582,0.004091943303615,False,40000,40000,10000,sample SD across five independent encoder/split seeds,0.4030399978160858,0.0121660580506608,1.663806414604187
16,5,0.41196,0.0051626543560459,0.0023088092168908,True,40000,40000,10000,sample SD across five independent encoder/split seeds,0.4068999826908112,0.007162398766843,1.6660031795501709
25,5,0.40576,0.0066979847715562,0.0029954298522916,False,40000,40000,10000,sample SD across five independent encoder/split seeds,0.4024199903011322,0.0070026492232162,1.6793644666671752
50,5,0.39432,0.0090629465407228,0.0040530729083005,False,40000,40000,10000,sample SD across five independent encoder/split seeds,0.3928999960422515,0.0140579239775072,1.7175421476364137
100,5,0.3867,0.0091834089531066,0.0041069453368653,False,40000,40000,10000,sample SD across five independent encoder/split seeds,0.3822999954223632,0.0120120705116953,1.7397802352905274
200,5,0.3703,0.0066524431602231,0.0029750630245425,False,40000,40000,10000,sample SD across five independent encoder/split seeds,0.3658999860286712,0.0098303099322875,1.7863340616226195
300,5,0.35416,0.0089360505817726,0.003996323310244,False,40000,40000,10000,sample SD across five independent encoder/split seeds,0.3543599963188171,0.0142069693315535,1.8186394691467285
400,5,0.34636,0.010247585081374,0.004582859369433,False,40000,40000,10000,sample SD across five independent encoder/split seeds,0.3459799885749817,0.0093742683906204,1.8362046480178835
600,5,0.33648,0.0096266297321544,0.0043051596950635,False,40000,40000,10000,sample SD across five independent encoder/split seeds,0.3331999957561493,0.0086538939239475,1.869410371780396
800,5,0.3288,0.0128062484748657,0.0057271284253105,False,40000,40000,10000,sample SD across five independent encoder/split seeds,0.3259599924087524,0.0137239881843362,1.889256191253662
