masking,seed,condition,selected_epoch,stopping_epoch,selected_updates,stopping_updates
K1,0,seed0_fixed_k1_rho0p625,35,50,2765,3950
K1,1,seed1_fixed_k1_rho0p625,30,45,2370,3555
K1,2,seed2_fixed_k1_rho0p625,23,38,1817,3002
K1,3,seed3_fixed_k1_rho0p625,31,46,2449,3634
K1,4,seed4_fixed_k1_rho0p625,31,46,2449,3634
K2,0,seed0_fixed_k2_rho0p625,24,39,3768,6123
K2,1,seed1_fixed_k2_rho0p625,21,36,3297,5652
K2,2,seed2_fixed_k2_rho0p625,17,32,2669,5024
K2,3,seed3_fixed_k2_rho0p625,25,40,3925,6280
K2,4,seed4_fixed_k2_rho0p625,24,39,3768,6123
K4,0,seed0_fixed_k4_rho0p625,14,29,4382,9077
K4,1,seed1_fixed_k4_rho0p625,23,38,7199,11894
K4,2,seed2_fixed_k4_rho0p625,19,34,5947,10642
K4,3,seed3_fixed_k4_rho0p625,20,35,6260,10955
K4,4,seed4_fixed_k4_rho0p625,22,37,6886,11581
K8,0,seed0_fixed_k8_rho0p625,18,33,11250,20625
K8,1,seed1_fixed_k8_rho0p625,15,30,9375,18750
K8,2,seed2_fixed_k8_rho0p625,21,36,13125,22500
K8,3,seed3_fixed_k8_rho0p625,18,33,11250,20625
K8,4,seed4_fixed_k8_rho0p625,16,31,10000,19375
K16,0,seed0_fixed_k16_rho0p625,21,36,26250,45000
K16,1,seed1_fixed_k16_rho0p625,16,31,20000,38750
K16,2,seed2_fixed_k16_rho0p625,16,31,20000,38750
K16,3,seed3_fixed_k16_rho0p625,14,29,17500,36250
K16,4,seed4_fixed_k16_rho0p625,19,34,23750,42500
K32,0,seed0_fixed_k32_rho0p625,21,36,52500,90000
K32,1,seed1_fixed_k32_rho0p625,23,38,57500,95000
K32,2,seed2_fixed_k32_rho0p625,23,38,57500,95000
K32,3,seed3_fixed_k32_rho0p625,23,38,57500,95000
K32,4,seed4_fixed_k32_rho0p625,22,37,55000,92500
dynamic,0,seed0_dynamic_stepmatched_k32_rho0p625,96,111,240000,277500
dynamic,1,seed1_dynamic_stepmatched_k32_rho0p625,85,100,212500,250000
dynamic,2,seed2_dynamic_stepmatched_k32_rho0p625,47,62,117500,155000
dynamic,3,seed3_dynamic_stepmatched_k32_rho0p625,75,90,187500,225000
dynamic,4,seed4_dynamic_stepmatched_k32_rho0p625,67,82,167500,205000
