masking,seed,epoch,optimizer_updates,train_loss,validation_loss,lr
K1,0,1,79,0.6848183708190918,0.4947876769542694,0.001
K1,0,2,158,0.4383800850868225,0.396459122133255,0.001
K1,0,3,237,0.3832958409309387,0.37023985810279847,0.001
K1,0,4,316,0.3620332154750824,0.38527107992172244,0.001
K1,0,5,395,0.34645995507240296,0.3512552481651306,0.001
K1,0,6,474,0.30651292877197267,0.29596474719047544,0.001
K1,0,7,553,0.28736172909736635,0.2856499526977539,0.001
K1,0,8,632,0.28293789212703707,0.28258808031082155,0.001
K1,0,9,711,0.2764640392303467,0.2784938919067383,0.001
K1,0,10,790,0.2724940933704376,0.27366679649353026,0.001
K1,0,11,869,0.2687083098888397,0.2714438876152039,0.001
K1,0,12,948,0.26511165804862974,0.26946490783691407,0.001
K1,0,13,1027,0.26291052231788636,0.26908688049316404,0.001
K1,0,14,1106,0.2593684480190277,0.27084338207244874,0.001
K1,0,15,1185,0.25723029408454895,0.2604100118637085,0.001
K1,0,16,1264,0.2546477911233902,0.26127439680099485,0.001
K1,0,17,1343,0.2507281758785248,0.26283758883476255,0.001
K1,0,18,1422,0.2500551832675934,0.25668821952342985,0.001
K1,0,19,1501,0.2450606744289398,0.2593445783138275,0.001
K1,0,20,1580,0.24143115680217742,0.2506909830570221,0.001
K1,0,21,1659,0.23813183341026306,0.25023466439247133,0.001
K1,0,22,1738,0.23605234224796295,0.2531544042110443,0.001
K1,0,23,1817,0.23292484889030457,0.25818781032562255,0.001
K1,0,24,1896,0.2313819887638092,0.25893109045028684,0.001
K1,0,25,1975,0.23013468844890594,0.24977492589950562,0.001
K1,0,26,2054,0.22755354087352753,0.2545593719005585,0.001
K1,0,27,2133,0.22588658969402314,0.24857559218406677,0.001
K1,0,28,2212,0.2227311943769455,0.2512696705341339,0.001
K1,0,29,2291,0.22144913527965546,0.2506317697048187,0.001
K1,0,30,2370,0.2195533019065857,0.24871746492385866,0.001
K1,0,31,2449,0.21836725051403047,0.24977242913246156,0.001
K1,0,32,2528,0.21648516023159028,0.26556522817611694,0.001
K1,0,33,2607,0.21601262280941008,0.25276279628276827,0.0005
K1,0,34,2686,0.20843223226070404,0.25018980417251585,0.0005
K1,0,35,2765,0.2067722226858139,0.2469042382955551,0.0005
K1,0,36,2844,0.20564043593406678,0.24793041310310363,0.0005
K1,0,37,2923,0.204384317445755,0.24922593574523927,0.0005
K1,0,38,3002,0.2039792804002762,0.2494681006193161,0.0005
K1,0,39,3081,0.20267401604652405,0.24937724361419678,0.0005
K1,0,40,3160,0.20155594108104705,0.2519406512260437,0.0005
K1,0,41,3239,0.2010994012594223,0.25151400215625763,0.00025
K1,0,42,3318,0.19734332549571992,0.25030116567611693,0.00025
K1,0,43,3397,0.19650057532787324,0.25129180655479433,0.00025
K1,0,44,3476,0.1958455484867096,0.2516066570520401,0.00025
K1,0,45,3555,0.19525032777786255,0.2523286066055298,0.00025
K1,0,46,3634,0.19507616837024688,0.2518918354511261,0.00025
K1,0,47,3713,0.19396847586631774,0.2554906650066376,0.000125
K1,0,48,3792,0.19249916145801543,0.2531707799434662,0.000125
K1,0,49,3871,0.1919596961736679,0.2530061652421951,0.000125
K1,0,50,3950,0.19163398706912996,0.2535490308046341,0.000125
K1,1,1,79,0.6311279769897461,0.46950266575813293,0.001
K1,1,2,158,0.42181585054397586,0.3855824517726898,0.001
K1,1,3,237,0.3776985680103302,0.3714489959716797,0.001
K1,1,4,316,0.362271745634079,0.3496839754104614,0.001
K1,1,5,395,0.347686487865448,0.34892655634880065,0.001
K1,1,6,474,0.33848277835845947,0.34856943883895875,0.001
K1,1,7,553,0.3227405844688416,0.2958098261833191,0.001
K1,1,8,632,0.28794166955947875,0.2882494306087494,0.001
K1,1,9,711,0.2798547948360443,0.2780915123462677,0.001
K1,1,10,790,0.27428717374801637,0.2714448039531708,0.001
K1,1,11,869,0.27175332403182983,0.2728332798957825,0.001
K1,1,12,948,0.26702153058052064,0.2667265423774719,0.001
K1,1,13,1027,0.2642219578742981,0.2645438054561615,0.001
K1,1,14,1106,0.2608061008453369,0.2649600972175598,0.001
K1,1,15,1185,0.25836085476875303,0.2615841446399689,0.001
K1,1,16,1264,0.25496802186965944,0.26518881006240846,0.001
K1,1,17,1343,0.25108963265419004,0.2539891025066376,0.001
K1,1,18,1422,0.24717644221782684,0.25315269985198974,0.001
K1,1,19,1501,0.24499130620956422,0.25694578263759615,0.001
K1,1,20,1580,0.24196378355026246,0.25005381553173067,0.001
K1,1,21,1659,0.2385534491300583,0.2490579421043396,0.001
K1,1,22,1738,0.23661973671913147,0.2464472470998764,0.001
K1,1,23,1817,0.23420604693889618,0.24875284101963044,0.001
K1,1,24,1896,0.23235610604286194,0.25222257981300356,0.001
K1,1,25,1975,0.23072856917381288,0.2566785007238388,0.001
K1,1,26,2054,0.2297406788110733,0.24394795591831206,0.001
K1,1,27,2133,0.2267947539806366,0.24430979475975037,0.001
K1,1,28,2212,0.22431318757534027,0.24714752855300903,0.001
K1,1,29,2291,0.224680344414711,0.24350319051742553,0.001
K1,1,30,2370,0.22204158873558044,0.24271676783561708,0.001
K1,1,31,2449,0.22029715757369994,0.2452434264421463,0.001
K1,1,32,2528,0.21813662676811219,0.24516102991104127,0.001
K1,1,33,2607,0.21756927230358125,0.24403024921417235,0.001
K1,1,34,2686,0.21417697439193725,0.24797119812965393,0.001
K1,1,35,2765,0.21342551009654998,0.2463856929063797,0.001
K1,1,36,2844,0.21103701112270357,0.2492626190662384,0.0005
K1,1,37,2923,0.2056385996580124,0.24483446941375733,0.0005
K1,1,38,3002,0.20358114039897918,0.2478248265504837,0.0005
K1,1,39,3081,0.20296105859279634,0.24838642427921295,0.0005
K1,1,40,3160,0.20212714750766755,0.24788478577136994,0.0005
K1,1,41,3239,0.20081034123897554,0.2489867610692978,0.0005
K1,1,42,3318,0.19993010354042054,0.2511373840332031,0.00025
K1,1,43,3397,0.19683318076133727,0.2481850124835968,0.00025
K1,1,44,3476,0.1959344323158264,0.25088501818180087,0.00025
K1,1,45,3555,0.19544338994026184,0.25030733606815336,0.00025
K1,2,1,79,0.6380127861976623,0.46002668600082397,0.001
K1,2,2,158,0.4197725839138031,0.396449720954895,0.001
K1,2,3,237,0.376650417137146,0.3626074354171753,0.001
K1,2,4,316,0.3599619609832764,0.3514232617855072,0.001
K1,2,5,395,0.31837985582351686,0.32775710129737856,0.001
K1,2,6,474,0.2952108456134796,0.2915005417346954,0.001
K1,2,7,553,0.2835914717197418,0.28241041831970215,0.001
K1,2,8,632,0.27835397720336913,0.2811466956615448,0.001
K1,2,9,711,0.27589264636039734,0.27511170449256894,0.001
K1,2,10,790,0.27022563438415526,0.2770264238357544,0.001
K1,2,11,869,0.2664121959924698,0.2682665720462799,0.001
K1,2,12,948,0.2627965888500214,0.2639283673286438,0.001
K1,2,13,1027,0.2590894626379013,0.25920774912834166,0.001
K1,2,14,1106,0.25349723682403563,0.2687916184902191,0.001
K1,2,15,1185,0.2502104462862015,0.2643346160888672,0.001
K1,2,16,1264,0.24795796208381654,0.2537070697307587,0.001
K1,2,17,1343,0.24229831886291503,0.25397710008621216,0.001
K1,2,18,1422,0.24043384189605713,0.2535379425287247,0.001
K1,2,19,1501,0.23895752317905425,0.2508138839006424,0.001
K1,2,20,1580,0.2353980456829071,0.2525246811389923,0.001
K1,2,21,1659,0.2334471896648407,0.2496800507545471,0.001
K1,2,22,1738,0.2327821486711502,0.2465351148366928,0.001
K1,2,23,1817,0.22906109607219696,0.2464997737646103,0.001
K1,2,24,1896,0.22626655464172363,0.25607126903533933,0.001
K1,2,25,1975,0.227613778090477,0.2525574457168579,0.001
K1,2,26,2054,0.2240708015680313,0.26118568415641785,0.001
K1,2,27,2133,0.22110451376438142,0.2513580371379852,0.001
K1,2,28,2212,0.21982690773010255,0.24983598868846893,0.001
K1,2,29,2291,0.21722815232276915,0.2649077174663544,0.0005
K1,2,30,2370,0.21207072026729584,0.24735598542690276,0.0005
K1,2,31,2449,0.20849784696102142,0.24775934014320375,0.0005
K1,2,32,2528,0.20725636191368102,0.24808065683841704,0.0005
K1,2,33,2607,0.20617752068042755,0.2479365612268448,0.0005
K1,2,34,2686,0.20499289486408234,0.24943912506103516,0.0005
K1,2,35,2765,0.20351524596214293,0.24867333014011384,0.00025
K1,2,36,2844,0.20056755752563477,0.25061477155685424,0.00025
K1,2,37,2923,0.19954730780124663,0.24946597893238068,0.00025
K1,2,38,3002,0.19898915009498597,0.2512677439689636,0.00025
K1,3,1,79,0.7773419947624206,0.5070205013275146,0.001
K1,3,2,158,0.4648738903999329,0.41514392366409303,0.001
K1,3,3,237,0.3965812153339386,0.40899620189666747,0.001
K1,3,4,316,0.37382296094894407,0.38015143737792967,0.001
K1,3,5,395,0.34322177453041075,0.3198354313373566,0.001
K1,3,6,474,0.3071487187385559,0.298518443107605,0.001
K1,3,7,553,0.293429399728775,0.288600083732605,0.001
K1,3,8,632,0.2862891197681427,0.2851229011535645,0.001
K1,3,9,711,0.28233292145729066,0.2866070954799652,0.001
K1,3,10,790,0.27807726092338564,0.27567677578926086,0.001
K1,3,11,869,0.27390132517814636,0.2736087666511536,0.001
K1,3,12,948,0.27062276163101195,0.26989944095611573,0.001
K1,3,13,1027,0.2673034489154816,0.2779539071559906,0.001
K1,3,14,1106,0.26590617456436155,0.2759165467262268,0.001
K1,3,15,1185,0.26186818113327026,0.261828900384903,0.001
K1,3,16,1264,0.25638372716903685,0.26181599912643433,0.001
K1,3,17,1343,0.25339091839790345,0.25981639070510865,0.001
K1,3,18,1422,0.2513702313423157,0.2572617736339569,0.001
K1,3,19,1501,0.24736590056419372,0.2522473440647125,0.001
K1,3,20,1580,0.24519121789932252,0.2522053557872772,0.001
K1,3,21,1659,0.24221749691963196,0.25154144926071165,0.001
K1,3,22,1738,0.24191797008514404,0.24779295201301574,0.001
K1,3,23,1817,0.23905297243595122,0.24768699626922608,0.001
K1,3,24,1896,0.23660003325939177,0.24869044451713562,0.001
K1,3,25,1975,0.23541711134910584,0.248869233417511,0.001
K1,3,26,2054,0.23432981069087983,0.24502518990039826,0.001
K1,3,27,2133,0.23251972320079803,0.24464150521755218,0.001
K1,3,28,2212,0.2310828898191452,0.24621874618530273,0.001
K1,3,29,2291,0.22944696085453034,0.24327945551872254,0.001
K1,3,30,2370,0.2267101839542389,0.24438918209075927,0.001
K1,3,31,2449,0.2266661627292633,0.24218614563941956,0.001
K1,3,32,2528,0.22470906596183776,0.24708284406661987,0.001
K1,3,33,2607,0.22237446525096893,0.2521962942123413,0.001
K1,3,34,2686,0.22064861080646514,0.2440963505268097,0.001
K1,3,35,2765,0.2181263067483902,0.24392430469989776,0.001
K1,3,36,2844,0.2166685676574707,0.2466125708580017,0.001
K1,3,37,2923,0.21608865768909455,0.25128159275054934,0.0005
K1,3,38,3002,0.20985223834514619,0.24344125878810882,0.0005
K1,3,39,3081,0.2082468362569809,0.24269790086746215,0.0005
K1,3,40,3160,0.2072492134332657,0.24395582513809205,0.0005
K1,3,41,3239,0.2063864887237549,0.2509627354621887,0.0005
K1,3,42,3318,0.20562804646492006,0.24595696167945863,0.0005
K1,3,43,3397,0.20465847935676576,0.24942246494293213,0.00025
K1,3,44,3476,0.2017573409318924,0.24393011856079103,0.00025
K1,3,45,3555,0.20049113671779634,0.245166486120224,0.00025
K1,3,46,3634,0.1998053817510605,0.24548932814598085,0.00025
K1,4,1,79,0.6654159267425537,0.5019612273216247,0.001
K1,4,2,158,0.4479226031780243,0.4057928286075592,0.001
K1,4,3,237,0.39068174924850463,0.37552031512260436,0.001
K1,4,4,316,0.366098508644104,0.3442964064121246,0.001
K1,4,5,395,0.31924186248779296,0.3049719247817993,0.001
K1,4,6,474,0.3008389135360718,0.29603973207473755,0.001
K1,4,7,553,0.2899858103275299,0.2870614456653595,0.001
K1,4,8,632,0.28335500774383543,0.2807236388683319,0.001
K1,4,9,711,0.27952375135421753,0.28041511878967285,0.001
K1,4,10,790,0.2744489947795868,0.2758639539718628,0.001
K1,4,11,869,0.27043611168861387,0.2748911693096161,0.001
K1,4,12,948,0.2682346470832825,0.26982597250938417,0.001
K1,4,13,1027,0.26728922309875486,0.2714431993484497,0.001
K1,4,14,1106,0.2609507148265839,0.264135400390625,0.001
K1,4,15,1185,0.2563557751893997,0.27806961674690245,0.001
K1,4,16,1264,0.252340314245224,0.2613743537902832,0.001
K1,4,17,1343,0.24866775317192077,0.2559679407119751,0.001
K1,4,18,1422,0.24581355006694794,0.2521478199481964,0.001
K1,4,19,1501,0.24244737362861632,0.25336608633995056,0.001
K1,4,20,1580,0.2411601930141449,0.2554687988758087,0.001
K1,4,21,1659,0.24010292599201202,0.24707914769649506,0.001
K1,4,22,1738,0.2366782788515091,0.24894778213500976,0.001
K1,4,23,1817,0.23557686235904693,0.24661993095874787,0.001
K1,4,24,1896,0.23317308061122893,0.2474512627840042,0.001
K1,4,25,1975,0.2304886456489563,0.2566120573043823,0.001
K1,4,26,2054,0.22883128809928893,0.2562358857154846,0.001
K1,4,27,2133,0.2280451254606247,0.24670193324089051,0.001
K1,4,28,2212,0.22591136360168457,0.26450813269615175,0.001
K1,4,29,2291,0.22405300137996673,0.24760787887573243,0.0005
K1,4,30,2370,0.21838372976779938,0.2453951651096344,0.0005
K1,4,31,2449,0.21690940580368043,0.24450809834003448,0.0005
K1,4,32,2528,0.21577309346199036,0.24647643117904663,0.0005
K1,4,33,2607,0.21452601902484894,0.24793314731121063,0.0005
K1,4,34,2686,0.21364006299972535,0.2473542161464691,0.0005
K1,4,35,2765,0.21251066133975982,0.24753960723876953,0.0005
K1,4,36,2844,0.2112498845100403,0.2485238890171051,0.0005
K1,4,37,2923,0.21043054604530334,0.24696020307540895,0.00025
K1,4,38,3002,0.2072091893196106,0.24661922211647033,0.00025
K1,4,39,3081,0.20588191423416138,0.24738850476741792,0.00025
K1,4,40,3160,0.20516375880241394,0.247807279920578,0.00025
K1,4,41,3239,0.20452252497673035,0.24858586893081666,0.00025
K1,4,42,3318,0.20375461037158965,0.24966779804229736,0.00025
K1,4,43,3397,0.20303275105953217,0.2488614017009735,0.000125
K1,4,44,3476,0.20136611404418944,0.2485030779838562,0.000125
K1,4,45,3555,0.20081204552650453,0.24957279500961305,0.000125
K1,4,46,3634,0.20036052639484406,0.24988267092704772,0.000125
K2,0,1,157,0.5435292908191681,0.39335254516601564,0.001
K2,0,2,314,0.3699499781131744,0.35008073873519896,0.001
K2,0,3,471,0.3220369204521179,0.2916561389923096,0.001
K2,0,4,628,0.28549942193031314,0.2803150267124176,0.001
K2,0,5,785,0.2762915354728699,0.27690468435287474,0.001
K2,0,6,942,0.26952931027412413,0.26882492814064024,0.001
K2,0,7,1099,0.2637305833339691,0.26855143537521364,0.001
K2,0,8,1256,0.25958906564712525,0.2585250478744507,0.001
K2,0,9,1413,0.25336292276382444,0.2529254002094269,0.001
K2,0,10,1570,0.24755121109485625,0.2478350917339325,0.001
K2,0,11,1727,0.24218555355072022,0.24978468952178956,0.001
K2,0,12,1884,0.239240975689888,0.24287529962062834,0.001
K2,0,13,2041,0.23587766964435578,0.24126534671783448,0.001
K2,0,14,2198,0.2349386977672577,0.24323688447475433,0.001
K2,0,15,2355,0.23149597852230072,0.23860058863162995,0.001
K2,0,16,2512,0.22948077335357667,0.23946208615303038,0.001
K2,0,17,2669,0.2288105721950531,0.2390674058198929,0.001
K2,0,18,2826,0.22627158918380738,0.23687469284534454,0.001
K2,0,19,2983,0.22511640632152558,0.23769657497406005,0.001
K2,0,20,3140,0.2226438693523407,0.24066514430046082,0.001
K2,0,21,3297,0.22174600622653962,0.2354874309539795,0.001
K2,0,22,3454,0.21935978417396546,0.23676292610168456,0.001
K2,0,23,3611,0.21836820828914644,0.24079968695640563,0.001
K2,0,24,3768,0.2170144558429718,0.23476585562229157,0.001
K2,0,25,3925,0.215842875623703,0.23648767116069794,0.001
K2,0,26,4082,0.21355977725982667,0.23772393972873687,0.001
K2,0,27,4239,0.21155397047996521,0.24306276195049287,0.001
K2,0,28,4396,0.2100782834291458,0.23869047317504882,0.001
K2,0,29,4553,0.20954810576438904,0.2448847749710083,0.001
K2,0,30,4710,0.20854422507286072,0.2419258574485779,0.0005
K2,0,31,4867,0.20223718531131743,0.2376093111038208,0.0005
K2,0,32,5024,0.20068461871147156,0.2379578067302704,0.0005
K2,0,33,5181,0.19969903483390808,0.23839885063171387,0.0005
K2,0,34,5338,0.19925454726219177,0.23909010515213014,0.0005
K2,0,35,5495,0.19842058560848236,0.23801892166137695,0.0005
K2,0,36,5652,0.19790843975543976,0.23926111149787904,0.00025
K2,0,37,5809,0.19422451283931733,0.24003716099262237,0.00025
K2,0,38,5966,0.19348782546520232,0.23970768256187439,0.00025
K2,0,39,6123,0.19295218217372895,0.24038458995819093,0.00025
K2,1,1,157,0.5103664884090423,0.41493624296188353,0.001
K2,1,2,314,0.3665745599269867,0.34473767557144164,0.001
K2,1,3,471,0.3162292263507843,0.29183712058067324,0.001
K2,1,4,628,0.2831471969127655,0.27553545374870303,0.001
K2,1,5,785,0.274201201915741,0.273894042634964,0.001
K2,1,6,942,0.26705150718688964,0.2675959879398346,0.001
K2,1,7,1099,0.26166924600601194,0.25968040890693667,0.001
K2,1,8,1256,0.25338642010688783,0.252241117978096,0.001
K2,1,9,1413,0.24789165852069855,0.24594567651748658,0.001
K2,1,10,1570,0.24197072613239287,0.24319893491268157,0.001
K2,1,11,1727,0.23987612290382385,0.24154890265464782,0.001
K2,1,12,1884,0.23668674116134644,0.2397551474094391,0.001
K2,1,13,2041,0.23340243880748748,0.23994547245502473,0.001
K2,1,14,2198,0.23166252582073213,0.23685824406147002,0.001
K2,1,15,2355,0.22906989483833312,0.2385961174249649,0.001
K2,1,16,2512,0.2272080453634262,0.2343628338575363,0.001
K2,1,17,2669,0.22609900126457214,0.2342708880186081,0.001
K2,1,18,2826,0.223624764585495,0.2377060525417328,0.001
K2,1,19,2983,0.22197977588176726,0.23561118445396423,0.001
K2,1,20,3140,0.22025843393802644,0.23383707234859466,0.001
K2,1,21,3297,0.218620462679863,0.2323079582929611,0.001
K2,1,22,3454,0.2166259609222412,0.2342442569732666,0.001
K2,1,23,3611,0.21536127071380615,0.2362437379360199,0.001
K2,1,24,3768,0.21275530982017518,0.23509798409938812,0.001
K2,1,25,3925,0.2111235340118408,0.2465629800081253,0.001
K2,1,26,4082,0.20997270760536194,0.2391589375257492,0.001
K2,1,27,4239,0.2092278661966324,0.23681351325511932,0.0005
K2,1,28,4396,0.20220875647068023,0.235291357755661,0.0005
K2,1,29,4553,0.20104118838310242,0.2360641706943512,0.0005
K2,1,30,4710,0.1998694846868515,0.236575492811203,0.0005
K2,1,31,4867,0.19911640524864196,0.23649864995479583,0.0005
K2,1,32,5024,0.19803971107006074,0.23706169352531434,0.0005
K2,1,33,5181,0.19708879840373994,0.23674081113338472,0.00025
K2,1,34,5338,0.19355314948558808,0.23944596116542816,0.00025
K2,1,35,5495,0.19274806718826293,0.23846057646274565,0.00025
K2,1,36,5652,0.1922298597097397,0.2398304722070694,0.00025
K2,2,1,157,0.5031002714633942,0.37563619532585146,0.001
K2,2,2,314,0.36404403128623963,0.3479954968929291,0.001
K2,2,3,471,0.30196500906944274,0.2844246468544006,0.001
K2,2,4,628,0.2818011144638062,0.2781251739025116,0.001
K2,2,5,785,0.27420231313705445,0.2766634781360626,0.001
K2,2,6,942,0.2673487818241119,0.2641666306972504,0.001
K2,2,7,1099,0.26132145586013794,0.2595616335391998,0.001
K2,2,8,1256,0.254340358543396,0.2522421010017395,0.001
K2,2,9,1413,0.24722758085727692,0.24727080192565917,0.001
K2,2,10,1570,0.24390081372261047,0.24529430408477784,0.001
K2,2,11,1727,0.23902963602542876,0.2430861081123352,0.001
K2,2,12,1884,0.23635969142913818,0.24893917517662048,0.001
K2,2,13,2041,0.23374098918437958,0.2404717699766159,0.001
K2,2,14,2198,0.23178574874401092,0.24204776954650878,0.001
K2,2,15,2355,0.22954854717254639,0.24070746395587922,0.001
K2,2,16,2512,0.22766311023235322,0.238478190946579,0.001
K2,2,17,2669,0.2251023973941803,0.23599074823856353,0.001
K2,2,18,2826,0.22374155471324922,0.237575785446167,0.001
K2,2,19,2983,0.22124214441776274,0.23899810826778412,0.001
K2,2,20,3140,0.2203773200273514,0.23651564292907715,0.001
K2,2,21,3297,0.21809124052524567,0.23615009760856628,0.001
K2,2,22,3454,0.21579970989227296,0.23847493236064912,0.001
K2,2,23,3611,0.21505339686870575,0.23747592470645904,0.0005
K2,2,24,3768,0.20842315933704375,0.23600964465141297,0.0005
K2,2,25,3925,0.207082919049263,0.23646507589817048,0.0005
K2,2,26,4082,0.20605355746746062,0.2371566564321518,0.0005
K2,2,27,4239,0.20504335114955902,0.23944669885635375,0.0005
K2,2,28,4396,0.20403707246780395,0.23681560418605804,0.0005
K2,2,29,4553,0.20262321927547455,0.24182696821689606,0.00025
K2,2,30,4710,0.1992384566783905,0.23888150124549865,0.00025
K2,2,31,4867,0.1982155919075012,0.2384922604560852,0.00025
K2,2,32,5024,0.19755278294086456,0.23829619982242584,0.00025
K2,3,1,157,0.5273892811775207,0.4090130269050598,0.001
K2,3,2,314,0.3728963369846344,0.3499572639942169,0.001
K2,3,3,471,0.3353857178211212,0.29878927211761475,0.001
K2,3,4,628,0.2885370220661163,0.2774653743267059,0.001
K2,3,5,785,0.2756341998577118,0.2770309232711792,0.001
K2,3,6,942,0.2687827842235565,0.26593696188926697,0.001
K2,3,7,1099,0.2602166889190674,0.25493979959487917,0.001
K2,3,8,1256,0.2527719027042389,0.2517904011249542,0.001
K2,3,9,1413,0.24875432107448578,0.25073657813072203,0.001
K2,3,10,1570,0.2441079216480255,0.24524377648830414,0.001
K2,3,11,1727,0.2413017966747284,0.24217175590991974,0.001
K2,3,12,1884,0.2384589132785797,0.2394875086069107,0.001
K2,3,13,2041,0.23594422681331634,0.24290342671871185,0.001
K2,3,14,2198,0.2330844021320343,0.2373659861087799,0.001
K2,3,15,2355,0.23144803500175476,0.23962976083755494,0.001
K2,3,16,2512,0.2293868860244751,0.23593362383842467,0.001
K2,3,17,2669,0.22802426602840423,0.23536391003131865,0.001
K2,3,18,2826,0.22594102342128752,0.23551091787815093,0.001
K2,3,19,2983,0.22365167632102967,0.23469494502544402,0.001
K2,3,20,3140,0.22223883373737335,0.23516025412082672,0.001
K2,3,21,3297,0.2208166980981827,0.2347342526912689,0.001
K2,3,22,3454,0.21884632139205934,0.23398613703250884,0.001
K2,3,23,3611,0.21695500009059906,0.23368219335079193,0.001
K2,3,24,3768,0.2158722932100296,0.23453406009674072,0.001
K2,3,25,3925,0.21465144288539886,0.23339082040786743,0.001
K2,3,26,4082,0.21247170271873475,0.23428088026046753,0.001
K2,3,27,4239,0.2115325453042984,0.23796550681591033,0.001
K2,3,28,4396,0.20978597054481507,0.23477414240837097,0.001
K2,3,29,4553,0.20815178718566896,0.23824510045051575,0.001
K2,3,30,4710,0.20602204072475433,0.2345692405939102,0.001
K2,3,31,4867,0.20621806862354278,0.23844145941734313,0.0005
K2,3,32,5024,0.1990720493555069,0.23575098643302916,0.0005
K2,3,33,5181,0.1977555584669113,0.23540714185237885,0.0005
K2,3,34,5338,0.1967273891210556,0.23766118793487548,0.0005
K2,3,35,5495,0.19617847084999085,0.23783185050487518,0.0005
K2,3,36,5652,0.19501210939884187,0.23746147227287293,0.0005
K2,3,37,5809,0.19429126307964326,0.23848285324573518,0.00025
K2,3,38,5966,0.19069886651039122,0.2375596048116684,0.00025
K2,3,39,6123,0.19015580868721008,0.23922710447311402,0.00025
K2,3,40,6280,0.18932825195789338,0.23943927385807037,0.00025
K2,4,1,157,0.5764566820621491,0.40050266461372375,0.001
K2,4,2,314,0.3789517578601837,0.34783461480140687,0.001
K2,4,3,471,0.31188690991401674,0.3171364450931549,0.001
K2,4,4,628,0.28869740142822264,0.28185339698791506,0.001
K2,4,5,785,0.27882777819633486,0.27472375254631043,0.001
K2,4,6,942,0.2711870888710022,0.27206869473457335,0.001
K2,4,7,1099,0.26639140861034394,0.2640367335319519,0.001
K2,4,8,1256,0.25875327570438383,0.2664285978794098,0.001
K2,4,9,1413,0.25245465259552,0.25130682611465455,0.001
K2,4,10,1570,0.24686645851135253,0.24729537360668183,0.001
K2,4,11,1727,0.2428920127391815,0.24586914207935334,0.001
K2,4,12,1884,0.2403499106168747,0.24332182366847993,0.001
K2,4,13,2041,0.23738083119392395,0.24193507096767425,0.001
K2,4,14,2198,0.23519840211868287,0.23979335911273955,0.001
K2,4,15,2355,0.23261140620708465,0.23877344126701355,0.001
K2,4,16,2512,0.2308062037229538,0.23681491999626159,0.001
K2,4,17,2669,0.22879620983600615,0.24252194392681123,0.001
K2,4,18,2826,0.22739419195652008,0.23719677169322967,0.001
K2,4,19,2983,0.22470153567790985,0.23567501125335694,0.001
K2,4,20,3140,0.22313113794326783,0.23772512884140015,0.001
K2,4,21,3297,0.22153388497829438,0.23543719449043274,0.001
K2,4,22,3454,0.2193751434326172,0.23528956575393678,0.001
K2,4,23,3611,0.21812009043693542,0.23714859247207642,0.001
K2,4,24,3768,0.21678585827350616,0.2347171754837036,0.001
K2,4,25,3925,0.21392869145870208,0.2379386223077774,0.001
K2,4,26,4082,0.21365460267066955,0.23858786571025847,0.001
K2,4,27,4239,0.21083090167045593,0.23552314813137054,0.001
K2,4,28,4396,0.20997457065582276,0.23965507526397706,0.001
K2,4,29,4553,0.2079683390378952,0.24027920615673065,0.001
K2,4,30,4710,0.20685186796188354,0.24121029567718505,0.0005
K2,4,31,4867,0.20065668499469758,0.2360656725883484,0.0005
K2,4,32,5024,0.19923036739826203,0.2395594165802002,0.0005
K2,4,33,5181,0.19808529770374297,0.23820973563194275,0.0005
K2,4,34,5338,0.19728404431343077,0.23880714993476868,0.0005
K2,4,35,5495,0.19622526841163634,0.23900304896831512,0.0005
K2,4,36,5652,0.19570380444526672,0.23838744280338287,0.00025
K2,4,37,5809,0.19215873663425445,0.23985065150260926,0.00025
K2,4,38,5966,0.19131955077648163,0.24018791556358338,0.00025
K2,4,39,6123,0.1907559396982193,0.24168313915729522,0.00025
K4,0,1,313,0.4361845296382904,0.34733869333267214,0.001
K4,0,2,626,0.30641453695297244,0.2797106927394867,0.001
K4,0,3,939,0.2699263961791992,0.2629898266792297,0.001
K4,0,4,1252,0.2564438215494156,0.2527761589288712,0.001
K4,0,5,1565,0.24535738332271576,0.24367867650985717,0.001
K4,0,6,1878,0.2391497055053711,0.24143284165859222,0.001
K4,0,7,2191,0.23479031567573547,0.23573201825618745,0.001
K4,0,8,2504,0.23171350026130677,0.24020297744274138,0.001
K4,0,9,2817,0.229050315284729,0.2427007009267807,0.001
K4,0,10,3130,0.22616113839149476,0.23237053122520446,0.001
K4,0,11,3443,0.2238571628332138,0.2300105472803116,0.001
K4,0,12,3756,0.2218171156167984,0.22996008641719817,0.001
K4,0,13,4069,0.2197599767923355,0.2270573920726776,0.001
K4,0,14,4382,0.2182519580602646,0.2262147974729538,0.001
K4,0,15,4695,0.2162281142950058,0.22719509794712067,0.001
K4,0,16,5008,0.2150172567844391,0.22715283524990082,0.001
K4,0,17,5321,0.21299146685600281,0.22850851774215697,0.001
K4,0,18,5634,0.21207025549411773,0.2313165083169937,0.001
K4,0,19,5947,0.21037010633945466,0.2281377503156662,0.001
K4,0,20,6260,0.20892476069927216,0.22660840904712676,0.0005
K4,0,21,6573,0.2035214616537094,0.22677829489707946,0.0005
K4,0,22,6886,0.20244243032932283,0.22681722254753112,0.0005
K4,0,23,7199,0.20186275057792663,0.22767862696647645,0.0005
K4,0,24,7512,0.20073436727523802,0.2276288715839386,0.0005
K4,0,25,7825,0.20010877289772033,0.22703331317901612,0.0005
K4,0,26,8138,0.19924077112674712,0.22790388016700744,0.00025
K4,0,27,8451,0.19550526213645936,0.22834363231658936,0.00025
K4,0,28,8764,0.19498366198539735,0.2285442430496216,0.00025
K4,0,29,9077,0.19434944157600403,0.22970166091918945,0.00025
K4,1,1,313,0.45223329105377197,0.3617070275306702,0.001
K4,1,2,626,0.3162058981895447,0.28593640022277833,0.001
K4,1,3,939,0.2754670356750488,0.2696067168712616,0.001
K4,1,4,1252,0.26184769654273987,0.25369569177627566,0.001
K4,1,5,1565,0.2500175295352936,0.2454015944480896,0.001
K4,1,6,1878,0.24358072068691253,0.23987593431472778,0.001
K4,1,7,2191,0.2386492826938629,0.23714243862628936,0.001
K4,1,8,2504,0.23477198617458345,0.2342509260892868,0.001
K4,1,9,2817,0.23163901488780975,0.23163099598884582,0.001
K4,1,10,3130,0.22892182302474975,0.2335900903224945,0.001
K4,1,11,3443,0.22634207260608674,0.23152958402633667,0.001
K4,1,12,3756,0.22477414195537568,0.23238722472190856,0.001
K4,1,13,4069,0.22219700644016266,0.22773892495632173,0.001
K4,1,14,4382,0.22093122458457948,0.22897360117435456,0.001
K4,1,15,4695,0.21889960389137267,0.225102276968956,0.001
K4,1,16,5008,0.21725885231494904,0.22493979365825653,0.001
K4,1,17,5321,0.21584091117382048,0.22451625187397004,0.001
K4,1,18,5634,0.21380117886066438,0.22510139522552491,0.001
K4,1,19,5947,0.21250947365760803,0.22876928660869597,0.001
K4,1,20,6260,0.21142749836444855,0.2247862625837326,0.001
K4,1,21,6573,0.20943446710109712,0.22754536697864533,0.001
K4,1,22,6886,0.20820209608078002,0.2278686663866043,0.001
K4,1,23,7199,0.2069027072906494,0.22446942939758302,0.001
K4,1,24,7512,0.2052882281303406,0.22694226286411284,0.001
K4,1,25,7825,0.2043579971075058,0.22773891117572784,0.001
K4,1,26,8138,0.20312778332233428,0.224971355342865,0.001
K4,1,27,8451,0.20172820522785187,0.22663336856365204,0.001
K4,1,28,8764,0.20050453391075135,0.22856477353572846,0.001
K4,1,29,9077,0.19904306452274323,0.23023893780708313,0.0005
K4,1,30,9390,0.1934510678768158,0.22634187157154084,0.0005
K4,1,31,9703,0.1924233363389969,0.22659658515453338,0.0005
K4,1,32,10016,0.19176953279972075,0.22788087768554688,0.0005
K4,1,33,10329,0.1910015872001648,0.2293969098329544,0.0005
K4,1,34,10642,0.19053177149295808,0.23004908082485198,0.0005
K4,1,35,10955,0.18973035066127777,0.23005071387290954,0.00025
K4,1,36,11268,0.18615649464130402,0.22943017268180846,0.00025
K4,1,37,11581,0.18546298868656158,0.22905555448532106,0.00025
K4,1,38,11894,0.18506483416557312,0.23056616871356964,0.00025
K4,2,1,313,0.43191296844482424,0.32640794739723206,0.001
K4,2,2,626,0.290793239402771,0.27700301055908205,0.001
K4,2,3,939,0.2701020170688629,0.2629051384449005,0.001
K4,2,4,1252,0.25743962066173554,0.2501019223690033,0.001
K4,2,5,1565,0.24613470447063446,0.2431747270822525,0.001
K4,2,6,1878,0.23956249148845674,0.2374853441476822,0.001
K4,2,7,2191,0.235455095911026,0.23658182952404022,0.001
K4,2,8,2504,0.23144419710636138,0.23272452800273896,0.001
K4,2,9,2817,0.22864131362438203,0.23224389736652373,0.001
K4,2,10,3130,0.22594914166927338,0.22975559594631195,0.001
K4,2,11,3443,0.22341063272953032,0.23102344961166382,0.001
K4,2,12,3756,0.22138373546600343,0.2284450100660324,0.001
K4,2,13,4069,0.2194753515958786,0.22792864615917205,0.001
K4,2,14,4382,0.21722653141021728,0.2268733295917511,0.001
K4,2,15,4695,0.21598046004772187,0.22719451987743378,0.001
K4,2,16,5008,0.21383455345630645,0.2283003632545471,0.001
K4,2,17,5321,0.21255603532791137,0.2265386932373047,0.001
K4,2,18,5634,0.21052353949546815,0.23097447335720062,0.001
K4,2,19,5947,0.20932750363349914,0.22621652410030366,0.001
K4,2,20,6260,0.20789525394439698,0.22770820090770721,0.001
K4,2,21,6573,0.20629764804840087,0.2285205465555191,0.001
K4,2,22,6886,0.20443221657276153,0.22748267216682433,0.001
K4,2,23,7199,0.2031413384914398,0.22828139426708222,0.001
K4,2,24,7512,0.20199163513183593,0.22840538399219512,0.001
K4,2,25,7825,0.20059543182849884,0.22992027411460877,0.0005
K4,2,26,8138,0.19445875062942505,0.22868186864852905,0.0005
K4,2,27,8451,0.1933797708272934,0.2272713604927063,0.0005
K4,2,28,8764,0.1925403178215027,0.2289081296682358,0.0005
K4,2,29,9077,0.19191123714447023,0.22879875864982605,0.0005
K4,2,30,9390,0.1909937462568283,0.2300639749765396,0.0005
K4,2,31,9703,0.19032477562427522,0.2322199580192566,0.00025
K4,2,32,10016,0.18658730063438417,0.23088625032901763,0.00025
K4,2,33,10329,0.1858552431344986,0.23251209199428557,0.00025
K4,2,34,10642,0.18532614080905915,0.23204711482524873,0.00025
K4,3,1,313,0.4355553093910217,0.3505378740787506,0.001
K4,3,2,626,0.3007536143779755,0.2758385311126709,0.001
K4,3,3,939,0.272750626707077,0.2647069455623627,0.001
K4,3,4,1252,0.2617617703437805,0.25204050126075744,0.001
K4,3,5,1565,0.24805512700080873,0.2440290628194809,0.001
K4,3,6,1878,0.24148016474246978,0.23930897574424745,0.001
K4,3,7,2191,0.23679515156745912,0.23721659753322602,0.001
K4,3,8,2504,0.23320390734672547,0.23408192183971405,0.001
K4,3,9,2817,0.22999855425357818,0.23121710901260376,0.001
K4,3,10,3130,0.2277159504890442,0.2304927756547928,0.001
K4,3,11,3443,0.2249763587474823,0.22814670515060426,0.001
K4,3,12,3756,0.22312415888309478,0.22670917794704437,0.001
K4,3,13,4069,0.2210847193479538,0.22755651662349702,0.001
K4,3,14,4382,0.21920047442913054,0.22591984436511994,0.001
K4,3,15,4695,0.21814116833209993,0.22486043639183045,0.001
K4,3,16,5008,0.2160774778842926,0.22610733342170716,0.001
K4,3,17,5321,0.21417153508663178,0.22416062290668487,0.001
K4,3,18,5634,0.21358953902721406,0.22474387776851654,0.001
K4,3,19,5947,0.21160787091255187,0.2268110108613968,0.001
K4,3,20,6260,0.20979630274772645,0.22338801658153534,0.001
K4,3,21,6573,0.20894269168376922,0.2256287626504898,0.001
K4,3,22,6886,0.207290190076828,0.22505420756340028,0.001
K4,3,23,7199,0.20633480355739595,0.22524245204925536,0.001
K4,3,24,7512,0.20428862147331237,0.2243786509990692,0.001
K4,3,25,7825,0.2036863205432892,0.22607151618003846,0.001
K4,3,26,8138,0.2018799257516861,0.22748694937229155,0.0005
K4,3,27,8451,0.19627527916431428,0.22503451619148254,0.0005
K4,3,28,8764,0.19529784557819366,0.2260477345943451,0.0005
K4,3,29,9077,0.19475383586883546,0.22615411756038667,0.0005
K4,3,30,9390,0.19372035756111144,0.22611585240364074,0.0005
K4,3,31,9703,0.19298479340076446,0.22768842871189118,0.0005
K4,3,32,10016,0.19219619698524476,0.22781065735816955,0.00025
K4,3,33,10329,0.18863317811489105,0.22810234789848327,0.00025
K4,3,34,10642,0.18801770918369293,0.2272158818244934,0.00025
K4,3,35,10955,0.1874067296028137,0.22927213735580446,0.00025
K4,4,1,313,0.42563156328201296,0.30640696897506714,0.001
K4,4,2,626,0.2885268198490143,0.27474779143333433,0.001
K4,4,3,939,0.268723840045929,0.25839582624435425,0.001
K4,4,4,1252,0.2539726989030838,0.24768690798282622,0.001
K4,4,5,1565,0.24536979472637177,0.24431461935043336,0.001
K4,4,6,1878,0.24012692573070527,0.23970625898838044,0.001
K4,4,7,2191,0.23579739058017732,0.23763412990570068,0.001
K4,4,8,2504,0.23237309775352477,0.2346816447019577,0.001
K4,4,9,2817,0.2292224907398224,0.2308390422821045,0.001
K4,4,10,3130,0.22694240536689758,0.23882227604389192,0.001
K4,4,11,3443,0.2247953055858612,0.23125687096118927,0.001
K4,4,12,3756,0.22241203551292418,0.2344347252368927,0.001
K4,4,13,4069,0.22036604616641997,0.22859173135757446,0.001
K4,4,14,4382,0.21910579943656922,0.22859848935604096,0.001
K4,4,15,4695,0.2173051334142685,0.22591495604515074,0.001
K4,4,16,5008,0.21565953285694123,0.22698618178367616,0.001
K4,4,17,5321,0.21419277403354645,0.22732598199844362,0.001
K4,4,18,5634,0.21251241545677185,0.22931546080112458,0.001
K4,4,19,5947,0.21175122265815735,0.2265152328968048,0.001
K4,4,20,6260,0.209497447347641,0.227997523522377,0.001
K4,4,21,6573,0.20845875418186188,0.22671532981395723,0.0005
K4,4,22,6886,0.20257131278514862,0.22421473345756532,0.0005
K4,4,23,7199,0.2015723557472229,0.22555520050525665,0.0005
K4,4,24,7512,0.20099278066158294,0.22459591915607452,0.0005
K4,4,25,7825,0.19979585137367248,0.22621372392177583,0.0005
K4,4,26,8138,0.19884453902244567,0.22558386068344116,0.0005
K4,4,27,8451,0.19817511472702026,0.22560761365890503,0.0005
K4,4,28,8764,0.1970945635318756,0.22696255991458894,0.00025
K4,4,29,9077,0.19340856766700745,0.22633801243305207,0.00025
K4,4,30,9390,0.19273330273628234,0.22774523828029633,0.00025
K4,4,31,9703,0.19213715047836305,0.22776995134353636,0.00025
K4,4,32,10016,0.19158238780498504,0.2286578114271164,0.00025
K4,4,33,10329,0.19119252026081085,0.228193802523613,0.00025
K4,4,34,10642,0.19058662712574004,0.22973620016574858,0.000125
K4,4,35,10955,0.1883358612060547,0.22868315007686615,0.000125
K4,4,36,11268,0.1878982239484787,0.2293181774377823,0.000125
K4,4,37,11581,0.1876344538450241,0.22987629399299622,0.000125
K8,0,1,625,0.37405519242286683,0.27901758360862733,0.001
K8,0,2,1250,0.2675876361608505,0.256570428442955,0.001
K8,0,3,1875,0.2470073472738266,0.24169850637912751,0.001
K8,0,4,2500,0.2360136950016022,0.23478269579410552,0.001
K8,0,5,3125,0.23022911219596862,0.23201589477062226,0.001
K8,0,6,3750,0.22643980729579927,0.2288603077888489,0.001
K8,0,7,4375,0.22302023401260376,0.22457011115550995,0.001
K8,0,8,5000,0.2201615979194641,0.22454610650539397,0.001
K8,0,9,5625,0.21798778345584868,0.22286953191757203,0.001
K8,0,10,6250,0.21623103702068328,0.2217684464931488,0.001
K8,0,11,6875,0.21440086178779602,0.22117253432273865,0.001
K8,0,12,7500,0.21258545892238617,0.22500737249851227,0.001
K8,0,13,8125,0.21117115423679353,0.21953090164661407,0.001
K8,0,14,8750,0.2099958226442337,0.21961809947490693,0.001
K8,0,15,9375,0.20848446378707886,0.22052649972438812,0.001
K8,0,16,10000,0.2071706741809845,0.21897746818065644,0.001
K8,0,17,10625,0.20596456015110015,0.22094297235012053,0.001
K8,0,18,11250,0.20515566618442535,0.21897051196098327,0.001
K8,0,19,11875,0.2040558114051819,0.22002655444145203,0.001
K8,0,20,12500,0.20298985958099366,0.21931069264411926,0.001
K8,0,21,13125,0.20208556234836578,0.21902495894432067,0.001
K8,0,22,13750,0.20093592925071715,0.21936516604423523,0.0005
K8,0,23,14375,0.1962343209505081,0.21915068595409393,0.0005
K8,0,24,15000,0.1955987626552582,0.21999328598976134,0.0005
K8,0,25,15625,0.19501546444892884,0.22033937270641327,0.0005
K8,0,26,16250,0.1943052729845047,0.22009131751060484,0.0005
K8,0,27,16875,0.19382793521881103,0.22041482589244843,0.0005
K8,0,28,17500,0.19315664846897126,0.22035343956947326,0.00025
K8,0,29,18125,0.19007581815719604,0.22012827217578887,0.00025
K8,0,30,18750,0.18963275003433228,0.22107436683177947,0.00025
K8,0,31,19375,0.1893044811964035,0.22143886885643005,0.00025
K8,0,32,20000,0.1888799343585968,0.22115414927005766,0.00025
K8,0,33,20625,0.188537344622612,0.22185682511329652,0.00025
K8,1,1,625,0.3971219774723053,0.28272214550971986,0.001
K8,1,2,1250,0.27092828879356384,0.2559003198862076,0.001
K8,1,3,1875,0.24813305466175078,0.24138828485012054,0.001
K8,1,4,2500,0.2367994918346405,0.23185759184360505,0.001
K8,1,5,3125,0.23051437680721282,0.22838985085487365,0.001
K8,1,6,3750,0.22660187165737153,0.22601274116039277,0.001
K8,1,7,4375,0.22351418075561524,0.2229973354816437,0.001
K8,1,8,5000,0.22055386373996735,0.22410660104751587,0.001
K8,1,9,5625,0.2184359042644501,0.2214405470609665,0.001
K8,1,10,6250,0.2164183281183243,0.2202599323272705,0.001
K8,1,11,6875,0.21449794721603394,0.2186529789686203,0.001
K8,1,12,7500,0.21251222426891328,0.21998020391464235,0.001
K8,1,13,8125,0.21099684195518495,0.2184662299156189,0.001
K8,1,14,8750,0.20949415197372437,0.21953369519710542,0.001
K8,1,15,9375,0.20803321888446807,0.2158059761762619,0.001
K8,1,16,10000,0.20680775129795073,0.21980140013694763,0.001
K8,1,17,10625,0.20588672239780426,0.22106290457248687,0.001
K8,1,18,11250,0.20418204851150512,0.21695267832279205,0.001
K8,1,19,11875,0.20321166720390318,0.21684587042331696,0.001
K8,1,20,12500,0.20215522174835204,0.21796805961132049,0.001
K8,1,21,13125,0.20121353483200075,0.21650671706199645,0.0005
K8,1,22,13750,0.1961258962392807,0.21686361210346222,0.0005
K8,1,23,14375,0.19542001926898955,0.21861815912723542,0.0005
K8,1,24,15000,0.19476028549671173,0.21659166519641876,0.0005
K8,1,25,15625,0.19408875489234925,0.21651795179843902,0.0005
K8,1,26,16250,0.19340722453594208,0.21704830121994018,0.0005
K8,1,27,16875,0.19275421500205994,0.21795605800151824,0.00025
K8,1,28,17500,0.18957194180488587,0.21855362014770507,0.00025
K8,1,29,18125,0.18903986241817475,0.21790593554973603,0.00025
K8,1,30,18750,0.18864887685775758,0.21812167210578917,0.00025
K8,2,1,625,0.3672104495048523,0.27465597553253174,0.001
K8,2,2,1250,0.26283736875057223,0.24963838028907775,0.001
K8,2,3,1875,0.24194463036060332,0.23613562698364257,0.001
K8,2,4,2500,0.23338979041576385,0.2322324699163437,0.001
K8,2,5,3125,0.22789258794784545,0.23191408674716948,0.001
K8,2,6,3750,0.2242894922018051,0.2265785939693451,0.001
K8,2,7,4375,0.22115574176311492,0.22359362409114839,0.001
K8,2,8,5000,0.2186352882862091,0.22258998789787293,0.001
K8,2,9,5625,0.21655793745517732,0.22426419961452485,0.001
K8,2,10,6250,0.2146390829563141,0.2228198658466339,0.001
K8,2,11,6875,0.21253631930351258,0.22000003299713133,0.001
K8,2,12,7500,0.2110478563785553,0.22453475496768951,0.001
K8,2,13,8125,0.20961081941127777,0.2221578757047653,0.001
K8,2,14,8750,0.20789199430942534,0.21848309485912323,0.001
K8,2,15,9375,0.2066364228248596,0.2190417712688446,0.001
K8,2,16,10000,0.2052572919845581,0.22054539880752563,0.001
K8,2,17,10625,0.20404305679798126,0.21986637902259826,0.001
K8,2,18,11250,0.20284712619781495,0.22180653221607208,0.001
K8,2,19,11875,0.20168194649219512,0.21926358599662782,0.001
K8,2,20,12500,0.20063709449768066,0.22013007609844207,0.0005
K8,2,21,13125,0.19540199134349823,0.2184563226699829,0.0005
K8,2,22,13750,0.19454266963005065,0.21920556931495666,0.0005
K8,2,23,14375,0.1937836259365082,0.2194792868375778,0.0005
K8,2,24,15000,0.19314001281261445,0.22074266397953032,0.0005
K8,2,25,15625,0.19251219844818115,0.22117484197616577,0.0005
K8,2,26,16250,0.1917039826631546,0.2226378590106964,0.0005
K8,2,27,16875,0.19098377356529236,0.22114691846370696,0.00025
K8,2,28,17500,0.18762337350845337,0.22180241799354553,0.00025
K8,2,29,18125,0.1871142015695572,0.22239198937416077,0.00025
K8,2,30,18750,0.18669583244323731,0.22191450941562652,0.00025
K8,2,31,19375,0.18629653327465057,0.22186602611541748,0.00025
K8,2,32,20000,0.18592141225337983,0.2225867579460144,0.00025
K8,2,33,20625,0.18546672310829163,0.2226627275466919,0.000125
K8,2,34,21250,0.1835687300682068,0.22452144696712495,0.000125
K8,2,35,21875,0.18320981800556183,0.22328642117977143,0.000125
K8,2,36,22500,0.1829668264389038,0.2243085343837738,0.000125
K8,3,1,625,0.3666388750553131,0.27572140440940857,0.001
K8,3,2,1250,0.2656673626422882,0.2480805000782013,0.001
K8,3,3,1875,0.24435867147445678,0.2372806384086609,0.001
K8,3,4,2500,0.2355259851694107,0.2323374898672104,0.001
K8,3,5,3125,0.2297895846605301,0.23162810750007629,0.001
K8,3,6,3750,0.22554231641292571,0.22532917544841766,0.001
K8,3,7,4375,0.2222130147218704,0.2230923256635666,0.001
K8,3,8,5000,0.21974717469215393,0.2213073855638504,0.001
K8,3,9,5625,0.21730185101032257,0.22083919451236725,0.001
K8,3,10,6250,0.21518537547588348,0.21919042677879333,0.001
K8,3,11,6875,0.21339009180068969,0.2186572988986969,0.001
K8,3,12,7500,0.21171125626564025,0.21840142769813536,0.001
K8,3,13,8125,0.20991818697452544,0.21713942303657532,0.001
K8,3,14,8750,0.20882649998664857,0.22059276683330536,0.001
K8,3,15,9375,0.20721541483402253,0.21724568800926208,0.001
K8,3,16,10000,0.20571509444713593,0.21892619209289552,0.001
K8,3,17,10625,0.20474008536338806,0.21841573202610015,0.001
K8,3,18,11250,0.2033554874897003,0.21644390437602998,0.001
K8,3,19,11875,0.2022664110660553,0.21745509717464448,0.001
K8,3,20,12500,0.2013261920452118,0.21865677454471588,0.001
K8,3,21,13125,0.20006409633159639,0.21756689965724946,0.001
K8,3,22,13750,0.1993340526342392,0.21746439702510834,0.001
K8,3,23,14375,0.19821645114421846,0.2190162342786789,0.001
K8,3,24,15000,0.19722707536220552,0.21881857163906096,0.0005
K8,3,25,15625,0.19212164199352263,0.2173515355348587,0.0005
K8,3,26,16250,0.19146446669101716,0.21904160468578338,0.0005
K8,3,27,16875,0.19092211639881135,0.21893537690639495,0.0005
K8,3,28,17500,0.19026537330150603,0.21961754810810089,0.0005
K8,3,29,18125,0.18968324594497682,0.22027954154014587,0.0005
K8,3,30,18750,0.18905091910362243,0.22098430070877076,0.00025
K8,3,31,19375,0.18579827620983125,0.22054290051460265,0.00025
K8,3,32,20000,0.1853457573890686,0.21975697493553162,0.00025
K8,3,33,20625,0.18508853709697723,0.22088707151412965,0.00025
K8,4,1,625,0.3573078127861023,0.2769462865829468,0.001
K8,4,2,1250,0.2628763452291489,0.24912769532203674,0.001
K8,4,3,1875,0.24331345653533937,0.24236584334373473,0.001
K8,4,4,2500,0.23447265470027923,0.23169209311008454,0.001
K8,4,5,3125,0.22912694754600524,0.22858200945854187,0.001
K8,4,6,3750,0.22514701561927794,0.22698725628852845,0.001
K8,4,7,4375,0.2220267163991928,0.22892137699127196,0.001
K8,4,8,5000,0.21946580183506012,0.2223403858423233,0.001
K8,4,9,5625,0.2169774411678314,0.22039736051559447,0.001
K8,4,10,6250,0.21501511991024017,0.21892273581027985,0.001
K8,4,11,6875,0.21333684785366058,0.21901936972141267,0.001
K8,4,12,7500,0.21147064068317414,0.218577188539505,0.001
K8,4,13,8125,0.20981810605525972,0.22821760637760163,0.001
K8,4,14,8750,0.2085452632188797,0.21936945598125457,0.001
K8,4,15,9375,0.20697698833942413,0.22156132771968842,0.001
K8,4,16,10000,0.2057122985124588,0.21757285296916962,0.001
K8,4,17,10625,0.20435349383354187,0.21969981412887574,0.001
K8,4,18,11250,0.2032545325756073,0.22182671735286713,0.001
K8,4,19,11875,0.20198043372631072,0.21815340538024902,0.001
K8,4,20,12500,0.200925684094429,0.21967210929393768,0.001
K8,4,21,13125,0.1998653112888336,0.21810627138614655,0.001
K8,4,22,13750,0.1989243375301361,0.21961174218654633,0.0005
K8,4,23,14375,0.19381756811141967,0.21779441754817963,0.0005
K8,4,24,15000,0.1928864155292511,0.21912261011600495,0.0005
K8,4,25,15625,0.1923408998966217,0.21847719938755036,0.0005
K8,4,26,16250,0.19161864295005798,0.22050313975811003,0.0005
K8,4,27,16875,0.19100180277824402,0.22044427304267883,0.0005
K8,4,28,17500,0.19034487721920013,0.21955248234272004,0.00025
K8,4,29,18125,0.18703066112995148,0.2208312199115753,0.00025
K8,4,30,18750,0.1865860651731491,0.22001807045936583,0.00025
K8,4,31,19375,0.18617786040306092,0.21997668154239655,0.00025
K16,0,1,1250,0.3180541244506836,0.251947771692276,0.001
K16,0,2,2500,0.239442047894001,0.2369585195541382,0.001
K16,0,3,3750,0.22844612163305283,0.23369481337070466,0.001
K16,0,4,5000,0.22258904839754104,0.22395471725463867,0.001
K16,0,5,6250,0.218475073492527,0.21930908861160278,0.001
K16,0,6,7500,0.21531774772405624,0.21881965517997742,0.001
K16,0,7,8750,0.21280820920467378,0.21631239652633666,0.001
K16,0,8,10000,0.21076326785087585,0.21450725214481353,0.001
K16,0,9,11250,0.20909283480644225,0.21646303033828734,0.001
K16,0,10,12500,0.2075888135433197,0.21361032845973968,0.001
K16,0,11,13750,0.20616572983264922,0.2134444404363632,0.001
K16,0,12,15000,0.2050735313296318,0.21228471586704253,0.001
K16,0,13,16250,0.2039221202135086,0.21255808954238892,0.001
K16,0,14,17500,0.20302682654857634,0.21135725774765016,0.001
K16,0,15,18750,0.20205449120998384,0.21150292875766755,0.001
K16,0,16,20000,0.201289970433712,0.21229801487922667,0.001
K16,0,17,21250,0.20053845386505126,0.21339891486167908,0.001
K16,0,18,22500,0.19982876005172728,0.2118069926738739,0.001
K16,0,19,23750,0.19913649032115938,0.21192809982299804,0.001
K16,0,20,25000,0.19859610904455186,0.2121608608007431,0.0005
K16,0,21,26250,0.19453257985115052,0.21013317189216613,0.0005
K16,0,22,27500,0.19408676117658616,0.21114492373466492,0.0005
K16,0,23,28750,0.19361636939048768,0.21103451848030091,0.0005
K16,0,24,30000,0.19310298212766647,0.21139166643619536,0.0005
K16,0,25,31250,0.19282847114801407,0.21223316473960877,0.0005
K16,0,26,32500,0.19238781405687333,0.21224598910808562,0.0005
K16,0,27,33750,0.191955224442482,0.21155668551921844,0.00025
K16,0,28,35000,0.18950500205755233,0.2112016860485077,0.00025
K16,0,29,36250,0.18923536432981491,0.21227651183605195,0.00025
K16,0,30,37500,0.18895138858556748,0.21290870611667634,0.00025
K16,0,31,38750,0.18868162509202957,0.21194907927513124,0.00025
K16,0,32,40000,0.18848156175613404,0.2118564025402069,0.00025
K16,0,33,41250,0.18825586599111557,0.2124410049676895,0.000125
K16,0,34,42500,0.18676938014030456,0.21259351787567138,0.000125
K16,0,35,43750,0.18657328908443452,0.21262308161258697,0.000125
K16,0,36,45000,0.18643382734060288,0.21234843926429747,0.000125
K16,1,1,1250,0.3228156802654266,0.2482334023475647,0.001
K16,1,2,2500,0.23923371814489364,0.23341542177200317,0.001
K16,1,3,3750,0.22821805108785628,0.22578598663806915,0.001
K16,1,4,5000,0.2218598452448845,0.2207847969532013,0.001
K16,1,5,6250,0.21798883777856826,0.2172430838108063,0.001
K16,1,6,7500,0.21456508738994598,0.2155310120344162,0.001
K16,1,7,8750,0.21202398837804795,0.2137428057670593,0.001
K16,1,8,10000,0.20995740082263947,0.2170552990436554,0.001
K16,1,9,11250,0.20795517978668213,0.21320639152526855,0.001
K16,1,10,12500,0.20650639659166337,0.21145985770225526,0.001
K16,1,11,13750,0.2050693222641945,0.21037085511684417,0.001
K16,1,12,15000,0.20383451912403105,0.21102198016643525,0.001
K16,1,13,16250,0.20269301456213,0.21063812432289122,0.001
K16,1,14,17500,0.20162584285736085,0.2130666002511978,0.001
K16,1,15,18750,0.2006821390748024,0.2102522565126419,0.001
K16,1,16,20000,0.19979153034687042,0.20978180747032166,0.001
K16,1,17,21250,0.19891560732126237,0.20993339858055116,0.001
K16,1,18,22500,0.19813369904756545,0.21054260680675507,0.001
K16,1,19,23750,0.19750538030862808,0.21115092644691466,0.001
K16,1,20,25000,0.1967161913394928,0.2100633730173111,0.001
K16,1,21,26250,0.196104236805439,0.21158706617355347,0.001
K16,1,22,27500,0.1954451809167862,0.21066368267536165,0.0005
K16,1,23,28750,0.19127183284759522,0.21041984238624573,0.0005
K16,1,24,30000,0.19071947762966157,0.20983434386253358,0.0005
K16,1,25,31250,0.19022125821113586,0.21148729021549226,0.0005
K16,1,26,32500,0.18980234806537627,0.21105297617912291,0.0005
K16,1,27,33750,0.18935150941610338,0.21084509642124177,0.0005
K16,1,28,35000,0.1890160438656807,0.21103537890911103,0.00025
K16,1,29,36250,0.18638788888454438,0.21132195448875427,0.00025
K16,1,30,37500,0.1860218556880951,0.21180234024524688,0.00025
K16,1,31,38750,0.18576994984149933,0.21131642000675202,0.00025
K16,2,1,1250,0.31515099272727964,0.25021695306301117,0.001
K16,2,2,2500,0.23909027192592622,0.23383408391475677,0.001
K16,2,3,3750,0.2277478173851967,0.22512569427490234,0.001
K16,2,4,5000,0.22198235576152803,0.22261000847816467,0.001
K16,2,5,6250,0.21791173518896104,0.22030348167419433,0.001
K16,2,6,7500,0.2146740803003311,0.21658321001529693,0.001
K16,2,7,8750,0.2120531338095665,0.21619686472415925,0.001
K16,2,8,10000,0.2098024878025055,0.21507229447364806,0.001
K16,2,9,11250,0.20795484070777892,0.2135714830636978,0.001
K16,2,10,12500,0.20634195597171784,0.2135136456012726,0.001
K16,2,11,13750,0.20508904547691345,0.21451509091854096,0.001
K16,2,12,15000,0.20372118020057678,0.21248158617019652,0.001
K16,2,13,16250,0.20254067648649215,0.21276047399044037,0.001
K16,2,14,17500,0.2014785269379616,0.21280199558734894,0.001
K16,2,15,18750,0.20047759017944336,0.21485745663642883,0.001
K16,2,16,20000,0.1995169462442398,0.2120741009235382,0.001
K16,2,17,21250,0.1987625758767128,0.21212557945251465,0.001
K16,2,18,22500,0.19789991828203202,0.2138303774356842,0.001
K16,2,19,23750,0.19710538763999938,0.2134880530834198,0.001
K16,2,20,25000,0.19642351261377333,0.21283101704120636,0.001
K16,2,21,26250,0.19579008218050004,0.21252482125759126,0.001
K16,2,22,27500,0.19507114745378495,0.21332716734409332,0.0005
K16,2,23,28750,0.19086820092201232,0.21211026334762573,0.0005
K16,2,24,30000,0.19028789137601854,0.21341112773418427,0.0005
K16,2,25,31250,0.1898083656311035,0.21403697102069855,0.0005
K16,2,26,32500,0.18934215507507324,0.21436794202327727,0.0005
K16,2,27,33750,0.18896109833717345,0.21445258996486663,0.0005
K16,2,28,35000,0.18856803907155992,0.2138999153137207,0.00025
K16,2,29,36250,0.18588408722877503,0.21419464030265808,0.00025
K16,2,30,37500,0.18556503643989564,0.2140570638895035,0.00025
K16,2,31,38750,0.1852550976753235,0.21431033692359924,0.00025
K16,3,1,1250,0.3278182237505913,0.25645223841667175,0.001
K16,3,2,2500,0.24273379434347153,0.23409613590240477,0.001
K16,3,3,3750,0.22964222165346146,0.22590427622795106,0.001
K16,3,4,5000,0.22300795649290084,0.2215108452796936,0.001
K16,3,5,6250,0.21836322411298753,0.2188042542695999,0.001
K16,3,6,7500,0.21496619735956193,0.21591262607574463,0.001
K16,3,7,8750,0.2123354464530945,0.21482958328723908,0.001
K16,3,8,10000,0.20990743062496187,0.21299683980941772,0.001
K16,3,9,11250,0.20801944725513458,0.21318298332691193,0.001
K16,3,10,12500,0.20624751222133636,0.2114429472208023,0.001
K16,3,11,13750,0.20472103310823442,0.21234091398715974,0.001
K16,3,12,15000,0.20342460247278213,0.21191276698112488,0.001
K16,3,13,16250,0.20204873257875441,0.21478829765319823,0.001
K16,3,14,17500,0.20108313244581222,0.21051403210163117,0.001
K16,3,15,18750,0.2000442709326744,0.21062698867321014,0.001
K16,3,16,20000,0.19907797284126283,0.21102824838161469,0.001
K16,3,17,21250,0.1982190954566002,0.21294308762550354,0.001
K16,3,18,22500,0.19729916383028032,0.21097187893390656,0.001
K16,3,19,23750,0.19669949702024458,0.21172354779243469,0.001
K16,3,20,25000,0.19579735358953476,0.21161370890140532,0.0005
K16,3,21,26250,0.19156808869838715,0.21129471662044524,0.0005
K16,3,22,27500,0.19099194700717925,0.21114118447303773,0.0005
K16,3,23,28750,0.19033312026262283,0.2117135634660721,0.0005
K16,3,24,30000,0.18995673491954804,0.21241998822689057,0.0005
K16,3,25,31250,0.18947986677885056,0.21233760287761688,0.0005
K16,3,26,32500,0.18901807066202164,0.212900150847435,0.00025
K16,3,27,33750,0.18630549536943436,0.2115216940879822,0.00025
K16,3,28,35000,0.18595627578496932,0.2123039080142975,0.00025
K16,3,29,36250,0.18565422315597535,0.2125335098028183,0.00025
K16,4,1,1250,0.32107467139959334,0.2519995509147644,0.001
K16,4,2,2500,0.241971569108963,0.23346232869625091,0.001
K16,4,3,3750,0.22974211926460267,0.2267061036348343,0.001
K16,4,4,5000,0.22321189398765565,0.2259837042093277,0.001
K16,4,5,6250,0.21878347005844115,0.21911019556522368,0.001
K16,4,6,7500,0.21532952748537063,0.21709612612724305,0.001
K16,4,7,8750,0.21254478429555893,0.2156118003845215,0.001
K16,4,8,10000,0.2103059067606926,0.2136568035840988,0.001
K16,4,9,11250,0.20819923732280732,0.21580310475826264,0.001
K16,4,10,12500,0.20655967621803284,0.21244061505794526,0.001
K16,4,11,13750,0.205106377184391,0.21332217528820038,0.001
K16,4,12,15000,0.20377761495113372,0.21356744089126586,0.001
K16,4,13,16250,0.20248462651968002,0.2129539412498474,0.001
K16,4,14,17500,0.20148581157922746,0.21261887719631195,0.001
K16,4,15,18750,0.20041812977790832,0.2114388436794281,0.001
K16,4,16,20000,0.19944027954339982,0.21153106954097747,0.001
K16,4,17,21250,0.19863221615552903,0.21248999395370483,0.001
K16,4,18,22500,0.19784714546203613,0.2124774683713913,0.001
K16,4,19,23750,0.19700610225200654,0.21131462378501892,0.001
K16,4,20,25000,0.19641361891031264,0.211656134724617,0.001
K16,4,21,26250,0.19568017712831498,0.21282687990665436,0.001
K16,4,22,27500,0.19509575170278548,0.21236849586963655,0.001
K16,4,23,28750,0.19450445488691329,0.2116916071653366,0.001
K16,4,24,30000,0.19392864325046538,0.2116570917367935,0.001
K16,4,25,31250,0.1933753006577492,0.21350054666996002,0.0005
K16,4,26,32500,0.18918032797574996,0.2128466947078705,0.0005
K16,4,27,33750,0.18865893465280534,0.21340364224910735,0.0005
K16,4,28,35000,0.18827677146196364,0.21431126866340638,0.0005
K16,4,29,36250,0.1878312059044838,0.21310920186042787,0.0005
K16,4,30,37500,0.18755904120206832,0.2139744406223297,0.0005
K16,4,31,38750,0.1871454134821892,0.21421663084030151,0.00025
K16,4,32,40000,0.18459074878692627,0.2144658690929413,0.00025
K16,4,33,41250,0.184254399061203,0.21388337869644164,0.00025
K16,4,34,42500,0.18407852450609208,0.2153527556657791,0.00025
K32,0,1,2500,0.281388649058342,0.23475439882278443,0.001
K32,0,2,5000,0.22555507048964502,0.22399012849330902,0.001
K32,0,3,7500,0.21689802471399308,0.21606555070877076,0.001
K32,0,4,10000,0.2119362498998642,0.21493704385757445,0.001
K32,0,5,12500,0.20847758046388626,0.21206203055381775,0.001
K32,0,6,15000,0.20602173777222632,0.2104801382303238,0.001
K32,0,7,17500,0.20404574788212776,0.20993689410686492,0.001
K32,0,8,20000,0.20247359046339988,0.21261304392814637,0.001
K32,0,9,22500,0.2011123459160328,0.2086687281847,0.001
K32,0,10,25000,0.20001253452897072,0.20822070209980012,0.001
K32,0,11,27500,0.19887979194521904,0.2091809152126312,0.001
K32,0,12,30000,0.19812017512917518,0.20727200500965118,0.001
K32,0,13,32500,0.19726031023263932,0.20895011806488037,0.001
K32,0,14,35000,0.19654243029952048,0.20754065701961516,0.001
K32,0,15,37500,0.1959598235964775,0.20854764404296874,0.001
K32,0,16,40000,0.19531100847125055,0.2072902313709259,0.001
K32,0,17,42500,0.19479541905522346,0.20799959421157838,0.001
K32,0,18,45000,0.19435693801045417,0.20989343497753143,0.0005
K32,0,19,47500,0.19085395669341088,0.20749494585990905,0.0005
K32,0,20,50000,0.19043265891075134,0.2077046511888504,0.0005
K32,0,21,52500,0.19005404096841813,0.20709275212287903,0.0005
K32,0,22,55000,0.18973668382167816,0.20710410962104797,0.0005
K32,0,23,57500,0.18942153699994088,0.2080103714466095,0.0005
K32,0,24,60000,0.18914673734903337,0.20847722561359405,0.0005
K32,0,25,62500,0.1889337318778038,0.2080540287256241,0.0005
K32,0,26,65000,0.1886844164133072,0.20807500398159026,0.0005
K32,0,27,67500,0.18847665483951567,0.20836767601966857,0.00025
K32,0,28,70000,0.1863400357067585,0.20815211312770843,0.00025
K32,0,29,72500,0.1861174137353897,0.20799586219787597,0.00025
K32,0,30,75000,0.18593038955330848,0.20927638375759125,0.00025
K32,0,31,77500,0.1857870774745941,0.2079406943321228,0.00025
K32,0,32,80000,0.18564820948839186,0.20826901452541352,0.00025
K32,0,33,82500,0.18549541732668876,0.20846796872615814,0.000125
K32,0,34,85000,0.18426078125238418,0.20857214820384978,0.000125
K32,0,35,87500,0.1841213297665119,0.2087957205057144,0.000125
K32,0,36,90000,0.18403179655075072,0.20877264659404754,0.000125
K32,1,1,2500,0.27690189107656477,0.2313085040330887,0.001
K32,1,2,5000,0.22533170214295387,0.21953690705299378,0.001
K32,1,3,7500,0.21677008040547371,0.21657583894729615,0.001
K32,1,4,10000,0.21185036138892174,0.21340959045886992,0.001
K32,1,5,12500,0.20842613775730134,0.21025604901313782,0.001
K32,1,6,15000,0.20586619632840156,0.20808015410900116,0.001
K32,1,7,17500,0.20387383869290351,0.20730454313755037,0.001
K32,1,8,20000,0.20218357441425325,0.20702513213157653,0.001
K32,1,9,22500,0.2008453428685665,0.20699309878349303,0.001
K32,1,10,25000,0.19964465018510819,0.2065724226474762,0.001
K32,1,11,27500,0.1985642697274685,0.20627854902744294,0.001
K32,1,12,30000,0.19767845913767815,0.20566582281589507,0.001
K32,1,13,32500,0.19683514829874038,0.20561078662872315,0.001
K32,1,14,35000,0.19608292692303658,0.205417320394516,0.001
K32,1,15,37500,0.19545303050279617,0.20512586953639983,0.001
K32,1,16,40000,0.19475827483534813,0.20838500714302063,0.001
K32,1,17,42500,0.19421378086209298,0.20539525918960572,0.001
K32,1,18,45000,0.19367815983295442,0.20642075889110564,0.001
K32,1,19,47500,0.1932585722565651,0.20573937544822693,0.001
K32,1,20,50000,0.19274841316342353,0.2065431869029999,0.001
K32,1,21,52500,0.19237895218729972,0.20647966206073762,0.0005
K32,1,22,55000,0.18892055789232254,0.20555823104381563,0.0005
K32,1,23,57500,0.18844788342118263,0.20496346645355223,0.0005
K32,1,24,60000,0.18813254237771035,0.20595970318317414,0.0005
K32,1,25,62500,0.1878156539261341,0.20546443479061127,0.0005
K32,1,26,65000,0.18757345443964005,0.20561000094413756,0.0005
K32,1,27,67500,0.1873579170525074,0.205858833861351,0.0005
K32,1,28,70000,0.18714795857667924,0.20536896171569824,0.0005
K32,1,29,72500,0.18691743604540825,0.20668033409118652,0.00025
K32,1,30,75000,0.1848051064491272,0.2056006565093994,0.00025
K32,1,31,77500,0.18458166421055794,0.20625019793510438,0.00025
K32,1,32,80000,0.18438550844192506,0.20575274460315704,0.00025
K32,1,33,82500,0.18428792030215263,0.206406143450737,0.00025
K32,1,34,85000,0.18412265582680704,0.20667306447029113,0.00025
K32,1,35,87500,0.18401411918997765,0.20648313581943512,0.000125
K32,1,36,90000,0.18275898975133895,0.20696315908432006,0.000125
K32,1,37,92500,0.182645128852129,0.20698637380599977,0.000125
K32,1,38,95000,0.1825402976512909,0.20688527147769928,0.000125
K32,2,1,2500,0.2806818078041077,0.23814626586437226,0.001
K32,2,2,5000,0.22588975180983542,0.22082644016742706,0.001
K32,2,3,7500,0.21693799668550492,0.2185682583808899,0.001
K32,2,4,10000,0.2116186378955841,0.2145322095632553,0.001
K32,2,5,12500,0.20791057572364807,0.211039777469635,0.001
K32,2,6,15000,0.20526154738664626,0.21159625797271728,0.001
K32,2,7,17500,0.20319446830749513,0.20884188828468322,0.001
K32,2,8,20000,0.2015354506969452,0.20872787623405456,0.001
K32,2,9,22500,0.20011800926327705,0.2083877236366272,0.001
K32,2,10,25000,0.19889680335521698,0.20939105961322785,0.001
K32,2,11,27500,0.19787904988527297,0.20782658164501192,0.001
K32,2,12,30000,0.19699722432494163,0.2080691639661789,0.001
K32,2,13,32500,0.19609507925510405,0.2074729322910309,0.001
K32,2,14,35000,0.19533899685740472,0.20816954305171967,0.001
K32,2,15,37500,0.1946540278494358,0.20826757628917694,0.001
K32,2,16,40000,0.19406967223882676,0.2076567406654358,0.001
K32,2,17,42500,0.19345684267878532,0.20800035667419434,0.001
K32,2,18,45000,0.19294178882837296,0.20756011810302735,0.001
K32,2,19,47500,0.1924116818666458,0.207906875538826,0.0005
K32,2,20,50000,0.18882570935487747,0.20805083713531494,0.0005
K32,2,21,52500,0.18833186852335929,0.2082118837594986,0.0005
K32,2,22,55000,0.18794860479235648,0.20782175350189208,0.0005
K32,2,23,57500,0.18766440134048462,0.20734474415779114,0.0005
K32,2,24,60000,0.18734560490250587,0.20835194234848023,0.0005
K32,2,25,62500,0.1870901744246483,0.2081049283027649,0.0005
K32,2,26,65000,0.18687255755662918,0.20788333365917205,0.0005
K32,2,27,67500,0.18665587513446807,0.2081622051715851,0.0005
K32,2,28,70000,0.18641787055134773,0.20953714015483857,0.0005
K32,2,29,72500,0.18619655184149742,0.20813834326267242,0.00025
K32,2,30,75000,0.1840248193025589,0.20829144473075867,0.00025
K32,2,31,77500,0.18377535412311555,0.20860818095207215,0.00025
K32,2,32,80000,0.18360957869291306,0.20889576666355134,0.00025
K32,2,33,82500,0.18345578004717827,0.2093604856491089,0.00025
K32,2,34,85000,0.18333415627479555,0.20907594928741455,0.00025
K32,2,35,87500,0.18320710871815682,0.20937578032016754,0.000125
K32,2,36,90000,0.18190959877371787,0.20913118572235107,0.000125
K32,2,37,92500,0.18178427585363388,0.2100406173467636,0.000125
K32,2,38,95000,0.18167791774272918,0.2095009652376175,0.000125
K32,3,1,2500,0.28179771975278856,0.23323378694057464,0.001
K32,3,2,5000,0.22595841878056527,0.22277516949176787,0.001
K32,3,3,7500,0.21712385042905807,0.21675792107582093,0.001
K32,3,4,10000,0.21191911682486533,0.2143144008398056,0.001
K32,3,5,12500,0.20842595262527466,0.21329951441287995,0.001
K32,3,6,15000,0.20566003197431565,0.20911715426445007,0.001
K32,3,7,17500,0.20378949078321457,0.2079807959794998,0.001
K32,3,8,20000,0.20197726516127587,0.20812139024734497,0.001
K32,3,9,22500,0.20067417076230049,0.2098119289636612,0.001
K32,3,10,25000,0.19943365010619163,0.20759934823513032,0.001
K32,3,11,27500,0.19843895514011384,0.20891999645233153,0.001
K32,3,12,30000,0.19743138050436973,0.20786035442352294,0.001
K32,3,13,32500,0.19664026789665223,0.20664216260910034,0.001
K32,3,14,35000,0.19592085973024367,0.20734400675296782,0.001
K32,3,15,37500,0.19528009381890296,0.20745519037246704,0.001
K32,3,16,40000,0.19467619326114655,0.2064942384004593,0.001
K32,3,17,42500,0.19401789053082466,0.20674246211051941,0.001
K32,3,18,45000,0.19353253529667855,0.20694636573791503,0.001
K32,3,19,47500,0.19306931219100953,0.21099580705165863,0.001
K32,3,20,50000,0.19257231007814407,0.20803430438041687,0.001
K32,3,21,52500,0.19216569555401802,0.20716978559494018,0.001
K32,3,22,55000,0.19178069804906844,0.2082364892721176,0.0005
K32,3,23,57500,0.18826828832626344,0.20640402698516847,0.0005
K32,3,24,60000,0.18781439279913903,0.20725926198959352,0.0005
K32,3,25,62500,0.1874673531770706,0.20736665098667145,0.0005
K32,3,26,65000,0.18722380653619766,0.20744178161621094,0.0005
K32,3,27,67500,0.18696496866941453,0.20784731895923614,0.0005
K32,3,28,70000,0.18672417502999306,0.207595858001709,0.0005
K32,3,29,72500,0.1864973939061165,0.20792990012168885,0.00025
K32,3,30,75000,0.1844038581609726,0.20802961139678955,0.00025
K32,3,31,77500,0.18417010418176652,0.2081840747356415,0.00025
K32,3,32,80000,0.1839805815577507,0.20814714574813842,0.00025
K32,3,33,82500,0.18382438312172888,0.208461891913414,0.00025
K32,3,34,85000,0.18368725105524064,0.20839282064437867,0.00025
K32,3,35,87500,0.18356850733160973,0.20773917393684388,0.000125
K32,3,36,90000,0.18231946083307266,0.2087873190164566,0.000125
K32,3,37,92500,0.18219537047147752,0.20865210649967195,0.000125
K32,3,38,95000,0.18210025108456612,0.20903050372600557,0.000125
K32,4,1,2500,0.2833166926026344,0.2361813274383545,0.001
K32,4,2,5000,0.22720956915616988,0.2219676022529602,0.001
K32,4,3,7500,0.21794105930924415,0.21627961096763612,0.001
K32,4,4,10000,0.21241899076104165,0.21243045566082,0.001
K32,4,5,12500,0.20868202379345893,0.2103301555633545,0.001
K32,4,6,15000,0.205971554261446,0.21156191897392274,0.001
K32,4,7,17500,0.20387115910053252,0.20879818501472472,0.001
K32,4,8,20000,0.20214795365333557,0.20719847064018249,0.001
K32,4,9,22500,0.2007241959154606,0.2075789303779602,0.001
K32,4,10,25000,0.19956680352091788,0.20935712218284608,0.001
K32,4,11,27500,0.1984246071755886,0.20700582530498504,0.001
K32,4,12,30000,0.19749136892557145,0.20775018291473388,0.001
K32,4,13,32500,0.19672505352497102,0.20971684703826904,0.001
K32,4,14,35000,0.19591280717849732,0.20823169083595275,0.001
K32,4,15,37500,0.1951950588285923,0.21078379604816436,0.001
K32,4,16,40000,0.19459189153313636,0.20747011659145356,0.001
K32,4,17,42500,0.19403490525484085,0.2084597597360611,0.0005
K32,4,18,45000,0.19044080809354783,0.20722003767490388,0.0005
K32,4,19,47500,0.18991993998289108,0.20659867916107177,0.0005
K32,4,20,50000,0.18948413854837418,0.20669813187122346,0.0005
K32,4,21,52500,0.18915797458887101,0.2072383709192276,0.0005
K32,4,22,55000,0.18885716747641562,0.20581249012947084,0.0005
K32,4,23,57500,0.18856045842170716,0.2066604057788849,0.0005
K32,4,24,60000,0.18824788029193879,0.2067471193552017,0.0005
K32,4,25,62500,0.1880149432837963,0.20703063447475434,0.0005
K32,4,26,65000,0.1877928052663803,0.20779495589733124,0.0005
K32,4,27,67500,0.18754326925873757,0.2068421178817749,0.0005
K32,4,28,70000,0.1873414074063301,0.20690785553455351,0.00025
K32,4,29,72500,0.18512163010239602,0.20775149405002594,0.00025
K32,4,30,75000,0.18486603328585624,0.2076826249599457,0.00025
K32,4,31,77500,0.1846930871963501,0.2077635365009308,0.00025
K32,4,32,80000,0.18454813808202744,0.20843592805862426,0.00025
K32,4,33,82500,0.18442507068514824,0.2080022317647934,0.00025
K32,4,34,85000,0.1842412482559681,0.2075539623260498,0.000125
K32,4,35,87500,0.18295322524309157,0.2077675334215164,0.000125
K32,4,36,90000,0.18282269950509072,0.20838938462734222,0.000125
K32,4,37,92500,0.18272158385515214,0.2087004354953766,0.000125
dynamic,0,1,2500,0.2804418463766575,0.23470581142902375,0.001
dynamic,0,2,5000,0.2256088151395321,0.2233544992685318,0.001
dynamic,0,3,7500,0.21740867469906808,0.21957423026561737,0.001
dynamic,0,4,10000,0.2127665170967579,0.21371621396541596,0.001
dynamic,0,5,12500,0.20949407195448874,0.21319082012176513,0.001
dynamic,0,6,15000,0.20714865617156028,0.2095861005783081,0.001
dynamic,0,7,17500,0.20530594240427016,0.20909024770259857,0.001
dynamic,0,8,20000,0.2039152559041977,0.20811033766269685,0.001
dynamic,0,9,22500,0.20265798578262328,0.2068468100786209,0.001
dynamic,0,10,25000,0.20171621084213257,0.20786631834506988,0.001
dynamic,0,11,27500,0.20076774780750276,0.20671829452514648,0.001
dynamic,0,12,30000,0.1999267619907856,0.2055960183620453,0.001
dynamic,0,13,32500,0.19932071487307548,0.20510308821201326,0.001
dynamic,0,14,35000,0.1987667575776577,0.20477374398708342,0.001
dynamic,0,15,37500,0.19813426707386972,0.20405500955581665,0.001
dynamic,0,16,40000,0.19769066618084907,0.2053356024503708,0.001
dynamic,0,17,42500,0.1972116906642914,0.20438615036010743,0.001
dynamic,0,18,45000,0.1967366244494915,0.20356423184871675,0.001
dynamic,0,19,47500,0.19644024176001548,0.20376522209644318,0.001
dynamic,0,20,50000,0.19598119214177132,0.20356073744297026,0.001
dynamic,0,21,52500,0.19563953220844268,0.20343391172885894,0.001
dynamic,0,22,55000,0.19535539937019347,0.2030383260011673,0.001
dynamic,0,23,57500,0.1950270968556404,0.20334960677623748,0.001
dynamic,0,24,60000,0.19479202657938002,0.203011407661438,0.001
dynamic,0,25,62500,0.1944088791847229,0.20401171050071717,0.001
dynamic,0,26,65000,0.19418503360152245,0.20403277781009674,0.001
dynamic,0,27,67500,0.19395545758605004,0.20358353116512298,0.001
dynamic,0,28,70000,0.19388116838932037,0.20308482773303985,0.001
dynamic,0,29,72500,0.1936632268846035,0.20308867444992065,0.001
dynamic,0,30,75000,0.1934082082271576,0.20327544314861298,0.0005
dynamic,0,31,77500,0.191055724298954,0.20156742355823518,0.0005
dynamic,0,32,80000,0.19072940346598624,0.20203367176055909,0.0005
dynamic,0,33,82500,0.1906068330049515,0.20224254610538484,0.0005
dynamic,0,34,85000,0.1903014156103134,0.20211730253696442,0.0005
dynamic,0,35,87500,0.19016479800343514,0.2016685096979141,0.0005
dynamic,0,36,90000,0.19011437274217605,0.20149534435272218,0.0005
dynamic,0,37,92500,0.19003711889982222,0.20133113102912903,0.0005
dynamic,0,38,95000,0.18977460808753968,0.20259166686534882,0.0005
dynamic,0,39,97500,0.18974961348176003,0.2018204710483551,0.0005
dynamic,0,40,100000,0.18966627987623214,0.20264286103248597,0.0005
dynamic,0,41,102500,0.18956461990475654,0.20190337460041047,0.0005
dynamic,0,42,105000,0.18942122262120248,0.20324995975494384,0.0005
dynamic,0,43,107500,0.1894461328446865,0.20141900765895843,0.00025
dynamic,0,44,110000,0.1880478700399399,0.20126584029197692,0.00025
dynamic,0,45,112500,0.18790038286447525,0.20144700248241423,0.00025
dynamic,0,46,115000,0.18785295518040657,0.20121016061306,0.00025
dynamic,0,47,117500,0.18772990438342094,0.20062933628559113,0.00025
dynamic,0,48,120000,0.187685699570179,0.20163054490089416,0.00025
dynamic,0,49,122500,0.1876671963751316,0.2014848675966263,0.00025
dynamic,0,50,125000,0.18749370080828667,0.20089290046691893,0.00025
dynamic,0,51,127500,0.18752907260656357,0.20085249133110047,0.00025
dynamic,0,52,130000,0.18740996126532555,0.2008891404390335,0.00025
dynamic,0,53,132500,0.18738005521893503,0.20120726046562196,0.000125
dynamic,0,54,135000,0.1865833554983139,0.20033692378997803,0.000125
dynamic,0,55,137500,0.1864648321866989,0.20064112038612367,0.000125
dynamic,0,56,140000,0.1864764140665531,0.20090397889614106,0.000125
dynamic,0,57,142500,0.18636205791831018,0.200670263171196,0.000125
dynamic,0,58,145000,0.18649305334091187,0.20063153569698333,0.000125
dynamic,0,59,147500,0.1863549911260605,0.20096774287223815,0.000125
dynamic,0,60,150000,0.18640963093042373,0.20076450011730193,6.25e-05
dynamic,0,61,152500,0.18592938287854194,0.20053970041275024,6.25e-05
dynamic,0,62,155000,0.18592644622325896,0.200670232129097,6.25e-05
dynamic,0,63,157500,0.18585705922842025,0.20029932584762572,6.25e-05
dynamic,0,64,160000,0.18584907072782517,0.2003609673500061,6.25e-05
dynamic,0,65,162500,0.18589330940842627,0.20062067821025847,6.25e-05
dynamic,0,66,165000,0.18580997490882872,0.20041347908973695,6.25e-05
dynamic,0,67,167500,0.18579427077174188,0.20039919691085814,6.25e-05
dynamic,0,68,170000,0.18575691535472869,0.2004370646238327,6.25e-05
dynamic,0,69,172500,0.18578180802464486,0.200390616106987,3.125e-05
dynamic,0,70,175000,0.18551674169301988,0.2003837479352951,3.125e-05
dynamic,0,71,177500,0.18550063638091088,0.20025962672233583,3.125e-05
dynamic,0,72,180000,0.18555873457193375,0.20031041054725646,3.125e-05
dynamic,0,73,182500,0.1855065007388592,0.20028759195804596,3.125e-05
dynamic,0,74,185000,0.1854759788453579,0.2004582100391388,3.125e-05
dynamic,0,75,187500,0.185590886425972,0.2002343478679657,3.125e-05
dynamic,0,76,190000,0.18536709777712823,0.20037203850746155,3.125e-05
dynamic,0,77,192500,0.18544208547472954,0.2003204495668411,3.125e-05
dynamic,0,78,195000,0.1854051390171051,0.20043589458465577,3.125e-05
dynamic,0,79,197500,0.1855098154902458,0.20033824236392975,3.125e-05
dynamic,0,80,200000,0.18539696364998817,0.20029330554008484,3.125e-05
dynamic,0,81,202500,0.18538733793497086,0.20036636683940887,1.5625e-05
dynamic,0,82,205000,0.18524033210873603,0.20023317263126372,1.5625e-05
dynamic,0,83,207500,0.18524175149202346,0.20020802812576294,1.5625e-05
dynamic,0,84,210000,0.18529608560800553,0.20022371513843537,1.5625e-05
dynamic,0,85,212500,0.18530940673351287,0.20022813663482666,1.5625e-05
dynamic,0,86,215000,0.18527105902433397,0.20033557875156402,1.5625e-05
dynamic,0,87,217500,0.1852483987390995,0.20042311685085296,1.5625e-05
dynamic,0,88,220000,0.1851323795735836,0.20038352653980254,1.5625e-05
dynamic,0,89,222500,0.18523858236074447,0.20026668512821197,1e-05
dynamic,0,90,225000,0.185189992582798,0.20038191668987274,1e-05
dynamic,0,91,227500,0.18513965916633607,0.20028076453208923,1e-05
dynamic,0,92,230000,0.1852437654912472,0.20020078721046447,1e-05
dynamic,0,93,232500,0.18510989879965783,0.20018137574195863,1e-05
dynamic,0,94,235000,0.18522076318860053,0.2003378900527954,1e-05
dynamic,0,95,237500,0.18518676285147667,0.2003097005844116,1e-05
dynamic,0,96,240000,0.1850724993288517,0.20016198334693908,1e-05
dynamic,0,97,242500,0.1851953675031662,0.20035594670772552,1e-05
dynamic,0,98,245000,0.18519644963145257,0.20025904986858367,1e-05
dynamic,0,99,247500,0.1851886470556259,0.20024452006816865,1e-05
dynamic,0,100,250000,0.18519267719388008,0.2002144652366638,1e-05
dynamic,0,101,252500,0.1851418362557888,0.20030682537555694,1e-05
dynamic,0,102,255000,0.1852465375185013,0.20033635478019715,1e-05
dynamic,0,103,257500,0.1852337765097618,0.20029038524627685,1e-05
dynamic,0,104,260000,0.18510784836411476,0.2002403103351593,1e-05
dynamic,0,105,262500,0.18508797158002854,0.2002485838651657,1e-05
dynamic,0,106,265000,0.18519656860828398,0.20030869250297548,1e-05
dynamic,0,107,267500,0.1850724351465702,0.2002641080379486,1e-05
dynamic,0,108,270000,0.1852119597017765,0.2003603973865509,1e-05
dynamic,0,109,272500,0.18512647598981857,0.20019193024635315,1e-05
dynamic,0,110,275000,0.18505184873342514,0.20031297512054444,1e-05
dynamic,0,111,277500,0.18510225099921226,0.20024305629730224,1e-05
dynamic,1,1,2500,0.2818309909462929,0.2330508571624756,0.001
dynamic,1,2,5000,0.22666163170933723,0.21912769594192505,0.001
dynamic,1,3,7500,0.21777450098395348,0.21797164177894593,0.001
dynamic,1,4,10000,0.21278604174852372,0.2121573773622513,0.001
dynamic,1,5,12500,0.2092054986536503,0.2093142567396164,0.001
dynamic,1,6,15000,0.20685726621747016,0.20759646768569948,0.001
dynamic,1,7,17500,0.20472303888201712,0.20741693665981292,0.001
dynamic,1,8,20000,0.2032476241528988,0.20472418987751007,0.001
dynamic,1,9,22500,0.20196416136622428,0.20563927156925202,0.001
dynamic,1,10,25000,0.20101173252463342,0.20488058807849885,0.001
dynamic,1,11,27500,0.20000978132486344,0.20431971321105957,0.001
dynamic,1,12,30000,0.1991747377693653,0.20330944290161132,0.001
dynamic,1,13,32500,0.19849751273989677,0.20254689724445343,0.001
dynamic,1,14,35000,0.1978701997101307,0.20432078070640564,0.001
dynamic,1,15,37500,0.1972480278670788,0.20224762141704558,0.001
dynamic,1,16,40000,0.1967057120680809,0.20192136404514313,0.001
dynamic,1,17,42500,0.1962280803978443,0.20101562654972077,0.001
dynamic,1,18,45000,0.19588175672888755,0.2015310830116272,0.001
dynamic,1,19,47500,0.1954806837975979,0.20123560225963594,0.001
dynamic,1,20,50000,0.1951019498348236,0.201501736164093,0.001
dynamic,1,21,52500,0.1948136811196804,0.2009316476583481,0.001
dynamic,1,22,55000,0.19441646087765693,0.20128832516670228,0.001
dynamic,1,23,57500,0.19410486257076262,0.2008625160932541,0.001
dynamic,1,24,60000,0.19400105095505715,0.20102879610061644,0.001
dynamic,1,25,62500,0.19371166813969612,0.2005838539123535,0.001
dynamic,1,26,65000,0.19337403733730316,0.20071326959133148,0.001
dynamic,1,27,67500,0.19320756850242615,0.20049209911823274,0.001
dynamic,1,28,70000,0.19295700393915177,0.201301664686203,0.001
dynamic,1,29,72500,0.1927646359205246,0.20065366570949555,0.001
dynamic,1,30,75000,0.1925776388525963,0.19987842943668366,0.001
dynamic,1,31,77500,0.19247848145365715,0.1999353848695755,0.001
dynamic,1,32,80000,0.19216326383948326,0.2004394718170166,0.001
dynamic,1,33,82500,0.19206706308722496,0.19973473365306854,0.001
dynamic,1,34,85000,0.19199012933373452,0.2009696899175644,0.001
dynamic,1,35,87500,0.19179848809242248,0.20036541533470154,0.001
dynamic,1,36,90000,0.19158975813388823,0.19998361730575562,0.001
dynamic,1,37,92500,0.19156021401286125,0.20050287897586822,0.001
dynamic,1,38,95000,0.1913575421333313,0.20042007529735564,0.001
dynamic,1,39,97500,0.19124654858112336,0.20060963172912596,0.0005
dynamic,1,40,100000,0.18894619489908218,0.1989069358587265,0.0005
dynamic,1,41,102500,0.18851937307715416,0.19906349148750305,0.0005
dynamic,1,42,105000,0.18838951168060303,0.20001568152904511,0.0005
dynamic,1,43,107500,0.18830827461481095,0.19860128977298735,0.0005
dynamic,1,44,110000,0.18807573461532592,0.19868443858623505,0.0005
dynamic,1,45,112500,0.18799061918854715,0.19888322665691377,0.0005
dynamic,1,46,115000,0.18788753589391707,0.19911853106021882,0.0005
dynamic,1,47,117500,0.18783991381525994,0.19901009504795075,0.0005
dynamic,1,48,120000,0.18780764288902282,0.1990223016023636,0.0005
dynamic,1,49,122500,0.18766087682843208,0.19900038607120513,0.00025
dynamic,1,50,125000,0.18636043261289598,0.19805380721092225,0.00025
dynamic,1,51,127500,0.18629486312270163,0.19845755593776704,0.00025
dynamic,1,52,130000,0.18610416193008422,0.19842782099246978,0.00025
dynamic,1,53,132500,0.18600042822957039,0.19824033696651458,0.00025
dynamic,1,54,135000,0.18590859810709953,0.1989723279953003,0.00025
dynamic,1,55,137500,0.1859319552600384,0.19817655138969423,0.00025
dynamic,1,56,140000,0.18586572954654693,0.1980674515724182,0.000125
dynamic,1,57,142500,0.18508014039993287,0.19791750741004943,0.000125
dynamic,1,58,145000,0.18512125712037086,0.19775913112163543,0.000125
dynamic,1,59,147500,0.18503470994830132,0.19784467849731446,0.000125
dynamic,1,60,150000,0.18484528867602348,0.19811775653362274,0.000125
dynamic,1,61,152500,0.18489462921619415,0.19809183719158172,0.000125
dynamic,1,62,155000,0.184876106351614,0.1981771733045578,0.000125
dynamic,1,63,157500,0.18484764067530632,0.19792984437942504,0.000125
dynamic,1,64,160000,0.18476663885712624,0.1977837768316269,6.25e-05
dynamic,1,65,162500,0.18435891852974892,0.19771834518909454,6.25e-05
dynamic,1,66,165000,0.18436197913885116,0.19784592328071593,6.25e-05
dynamic,1,67,167500,0.18432970029711723,0.19766169402599335,6.25e-05
dynamic,1,68,170000,0.1841542137503624,0.19814627106189728,6.25e-05
dynamic,1,69,172500,0.1842660764694214,0.19790896844863892,6.25e-05
dynamic,1,70,175000,0.1842243983209133,0.19785463602542877,6.25e-05
dynamic,1,71,177500,0.18419901441931724,0.19779360973834992,6.25e-05
dynamic,1,72,180000,0.18412534232139588,0.19778702244758606,6.25e-05
dynamic,1,73,182500,0.18422818546891212,0.19778826940059663,3.125e-05
dynamic,1,74,185000,0.18393397488594054,0.1974914296388626,3.125e-05
dynamic,1,75,187500,0.18395330508947372,0.19767680513858796,3.125e-05
dynamic,1,76,190000,0.1839215098142624,0.1976096714258194,3.125e-05
dynamic,1,77,192500,0.18385151419639587,0.19773794031143188,3.125e-05
dynamic,1,78,195000,0.18388207226395606,0.19748669865131377,3.125e-05
dynamic,1,79,197500,0.18382856724858285,0.19760918669700622,3.125e-05
dynamic,1,80,200000,0.18384287459254264,0.19755952141284944,1.5625e-05
dynamic,1,81,202500,0.18379750998020172,0.19762587492465972,1.5625e-05
dynamic,1,82,205000,0.1837906397640705,0.19770029246807097,1.5625e-05
dynamic,1,83,207500,0.18371759746074676,0.1975793576478958,1.5625e-05
dynamic,1,84,210000,0.1836827790439129,0.1975844564437866,1.5625e-05
dynamic,1,85,212500,0.18387012139558792,0.19742528080940247,1.5625e-05
dynamic,1,86,215000,0.1836965619146824,0.19757469804286956,1.5625e-05
dynamic,1,87,217500,0.18378124172091484,0.19759839689731598,1.5625e-05
dynamic,1,88,220000,0.18375325227975844,0.19762086610794066,1.5625e-05
dynamic,1,89,222500,0.1836881769478321,0.19757444174289704,1.5625e-05
dynamic,1,90,225000,0.18362425873279573,0.197462610912323,1.5625e-05
dynamic,1,91,227500,0.18367824493646623,0.19749151146411895,1e-05
dynamic,1,92,230000,0.18370408751368522,0.1976076766014099,1e-05
dynamic,1,93,232500,0.18363947666883468,0.19745667715072632,1e-05
dynamic,1,94,235000,0.18364991703033448,0.1975592218875885,1e-05
dynamic,1,95,237500,0.1836862322807312,0.19757853596210478,1e-05
dynamic,1,96,240000,0.1835672689437866,0.19771377165317536,1e-05
dynamic,1,97,242500,0.1835942400753498,0.19760277779102325,1e-05
dynamic,1,98,245000,0.18359014775156976,0.1975134691476822,1e-05
dynamic,1,99,247500,0.18361412565112115,0.1975483499765396,1e-05
dynamic,1,100,250000,0.18362781984210014,0.1975773197889328,1e-05
dynamic,2,1,2500,0.2784740083932877,0.23331089050769807,0.001
dynamic,2,2,5000,0.22521653915047646,0.22150078291893005,0.001
dynamic,2,3,7500,0.21677442848086356,0.215733238697052,0.001
dynamic,2,4,10000,0.21178492983579636,0.21167089855670929,0.001
dynamic,2,5,12500,0.2085198092877865,0.21309661569595337,0.001
dynamic,2,6,15000,0.20617512148022651,0.20891544477939605,0.001
dynamic,2,7,17500,0.20432088394761086,0.20706843414306642,0.001
dynamic,2,8,20000,0.20282640411257744,0.20603836760520935,0.001
dynamic,2,9,22500,0.20145658078193665,0.2052227517604828,0.001
dynamic,2,10,25000,0.200464688372612,0.2052595034122467,0.001
dynamic,2,11,27500,0.19954323350787162,0.20427594945430755,0.001
dynamic,2,12,30000,0.19877200421094895,0.20614400696754456,0.001
dynamic,2,13,32500,0.19791212530732155,0.20481921741962433,0.001
dynamic,2,14,35000,0.19725794815421105,0.2049322521686554,0.001
dynamic,2,15,37500,0.19681272358894347,0.20376228115558626,0.001
dynamic,2,16,40000,0.19628735018372537,0.20317478277683257,0.001
dynamic,2,17,42500,0.19573525982499124,0.20410866668224334,0.001
dynamic,2,18,45000,0.19526588555574417,0.20272034220695495,0.001
dynamic,2,19,47500,0.19486774275302887,0.20292663025856017,0.001
dynamic,2,20,50000,0.19453656759262086,0.2032289278268814,0.001
dynamic,2,21,52500,0.19415672812461854,0.20299505412578583,0.001
dynamic,2,22,55000,0.19385298836827278,0.20284659991264342,0.001
dynamic,2,23,57500,0.19358709558248519,0.20300267028808594,0.001
dynamic,2,24,60000,0.19313073209524154,0.2034596867799759,0.0005
dynamic,2,25,62500,0.19064708193540572,0.20103389387130738,0.0005
dynamic,2,26,65000,0.19023349285125732,0.20192185637950896,0.0005
dynamic,2,27,67500,0.19012973206043243,0.20103315229415894,0.0005
dynamic,2,28,70000,0.18994089940190315,0.20116418120861054,0.0005
dynamic,2,29,72500,0.1897015099465847,0.20126645524501802,0.0005
dynamic,2,30,75000,0.1894573303937912,0.2014337788581848,0.0005
dynamic,2,31,77500,0.18944574639201164,0.20148534836769105,0.00025
dynamic,2,32,80000,0.18793709495663644,0.20059677472114562,0.00025
dynamic,2,33,82500,0.18768619585037233,0.2006695209980011,0.00025
dynamic,2,34,85000,0.18759830644130707,0.20048775985240935,0.00025
dynamic,2,35,87500,0.18759523515105248,0.20043393127918244,0.00025
dynamic,2,36,90000,0.1873574934542179,0.20041325976848604,0.00025
dynamic,2,37,92500,0.187317565959692,0.20027024137973787,0.00025
dynamic,2,38,95000,0.1871365942120552,0.2001245411157608,0.00025
dynamic,2,39,97500,0.18707060452699661,0.20034409503936768,0.00025
dynamic,2,40,100000,0.18693980269432067,0.20087847967147826,0.00025
dynamic,2,41,102500,0.1870067057132721,0.20092188653945922,0.00025
dynamic,2,42,105000,0.18683978667855264,0.20072030096054078,0.00025
dynamic,2,43,107500,0.18685170533657075,0.20104458208084106,0.00025
dynamic,2,44,110000,0.18675378729701042,0.2007576500415802,0.000125
dynamic,2,45,112500,0.1859977359175682,0.2002267606496811,0.000125
dynamic,2,46,115000,0.18576850151419638,0.20057891528606414,0.000125
dynamic,2,47,117500,0.18568250523805618,0.19976003761291503,0.000125
dynamic,2,48,120000,0.1855781276345253,0.1999288725376129,0.000125
dynamic,2,49,122500,0.18558435497879983,0.20060660820007326,0.000125
dynamic,2,50,125000,0.1856340992629528,0.20020351424217225,0.000125
dynamic,2,51,127500,0.18560966246724128,0.2004478251695633,0.000125
dynamic,2,52,130000,0.1854118285059929,0.2001575442314148,0.000125
dynamic,2,53,132500,0.18541826264262198,0.20040270082950593,6.25e-05
dynamic,2,54,135000,0.18502229343056678,0.20020035648345946,6.25e-05
dynamic,2,55,137500,0.1849702741920948,0.19993897109031677,6.25e-05
dynamic,2,56,140000,0.18492601668834685,0.2000315307855606,6.25e-05
dynamic,2,57,142500,0.1848849464535713,0.200419504737854,6.25e-05
dynamic,2,58,145000,0.18481678107380867,0.19997947082519532,6.25e-05
dynamic,2,59,147500,0.18480651312470436,0.20026838958263396,3.125e-05
dynamic,2,60,150000,0.1846003735780716,0.19992245397567748,3.125e-05
dynamic,2,61,152500,0.18445282577276229,0.19976318762302397,3.125e-05
dynamic,2,62,155000,0.18456576867103577,0.20002922801971434,3.125e-05
dynamic,3,1,2500,0.2810934184253216,0.23463721535205842,0.001
dynamic,3,2,5000,0.2266608295083046,0.222447762799263,0.001
dynamic,3,3,7500,0.2179692463517189,0.2180220685005188,0.001
dynamic,3,4,10000,0.21275021045804024,0.21183053121566772,0.001
dynamic,3,5,12500,0.20920103777647017,0.21247543773651123,0.001
dynamic,3,6,15000,0.20670904935002327,0.2082365613937378,0.001
dynamic,3,7,17500,0.20460141235589982,0.2071548456430435,0.001
dynamic,3,8,20000,0.20311602250933647,0.2065320835828781,0.001
dynamic,3,9,22500,0.20159875915050507,0.2046806473493576,0.001
dynamic,3,10,25000,0.20054104319214822,0.2040132598876953,0.001
dynamic,3,11,27500,0.1995141208946705,0.2046664234638214,0.001
dynamic,3,12,30000,0.19870244109034538,0.2060117787361145,0.001
dynamic,3,13,32500,0.19803401007652283,0.2026889946937561,0.001
dynamic,3,14,35000,0.1974926774919033,0.2022882586956024,0.001
dynamic,3,15,37500,0.1968695597410202,0.20321541864871978,0.001
dynamic,3,16,40000,0.19609174075126648,0.20346695239543916,0.001
dynamic,3,17,42500,0.19559451428651808,0.20140520634651185,0.001
dynamic,3,18,45000,0.19532167422771454,0.2018284920454025,0.001
dynamic,3,19,47500,0.19485812042355538,0.20107076354026795,0.001
dynamic,3,20,50000,0.19450727705359458,0.2012959520816803,0.001
dynamic,3,21,52500,0.19417858414649963,0.20229991104602812,0.001
dynamic,3,22,55000,0.19381136080622674,0.2015657372236252,0.001
dynamic,3,23,57500,0.1934924005150795,0.20160286054611207,0.001
dynamic,3,24,60000,0.19313118000626564,0.20221041250228883,0.001
dynamic,3,25,62500,0.19290223056674002,0.2007918137550354,0.001
dynamic,3,26,65000,0.19270552324056625,0.20144639763832092,0.001
dynamic,3,27,67500,0.19245268699526788,0.20106365826129913,0.001
dynamic,3,28,70000,0.1922804792702198,0.2008065788269043,0.001
dynamic,3,29,72500,0.19208032025694846,0.20173972008228302,0.001
dynamic,3,30,75000,0.19191444181799888,0.2009049287557602,0.001
dynamic,3,31,77500,0.19160987794995307,0.20138133990764617,0.0005
dynamic,3,32,80000,0.1891543009877205,0.19942926495075225,0.0005
dynamic,3,33,82500,0.188851811170578,0.19980934932231903,0.0005
dynamic,3,34,85000,0.18870815623402595,0.19933010993003844,0.0005
dynamic,3,35,87500,0.18842630379199982,0.19910418708324432,0.0005
dynamic,3,36,90000,0.18830713230967522,0.20009579844474792,0.0005
dynamic,3,37,92500,0.18822479104995726,0.19932186982631683,0.0005
dynamic,3,38,95000,0.18820582814216613,0.1992568272590637,0.0005
dynamic,3,39,97500,0.18800283328294753,0.1998348813533783,0.0005
dynamic,3,40,100000,0.18785703817009927,0.19947730712890624,0.0005
dynamic,3,41,102500,0.18789104678034782,0.1996535595178604,0.00025
dynamic,3,42,105000,0.18642663037776946,0.1985986750602722,0.00025
dynamic,3,43,107500,0.1861894228219986,0.19877658157348632,0.00025
dynamic,3,44,110000,0.18618142277598382,0.19864013621807097,0.00025
dynamic,3,45,112500,0.18602915608286857,0.1986478136062622,0.00025
dynamic,3,46,115000,0.18597475894093513,0.19855208613872527,0.00025
dynamic,3,47,117500,0.1858902400970459,0.19912186481952668,0.00025
dynamic,3,48,120000,0.18576592406630515,0.19868659536838532,0.00025
dynamic,3,49,122500,0.18579318650364876,0.19876946547031402,0.00025
dynamic,3,50,125000,0.18563051134943961,0.19889250409603118,0.00025
dynamic,3,51,127500,0.18566467146873475,0.19938193707466126,0.00025
dynamic,3,52,130000,0.18563287499547004,0.1989908184528351,0.000125
dynamic,3,53,132500,0.1847815252661705,0.1985641675233841,0.000125
dynamic,3,54,135000,0.18464591627120971,0.19827294211387633,0.000125
dynamic,3,55,137500,0.18463792271018029,0.19888772015571593,0.000125
dynamic,3,56,140000,0.1846127557218075,0.19850565738677978,0.000125
dynamic,3,57,142500,0.18451819929480553,0.1988007330417633,0.000125
dynamic,3,58,145000,0.18459880536198617,0.1988990240573883,0.000125
dynamic,3,59,147500,0.18447762326598166,0.19881914494037628,0.000125
dynamic,3,60,150000,0.18444111559391022,0.198720468378067,6.25e-05
dynamic,3,61,152500,0.18401548590660094,0.19840270810127258,6.25e-05
dynamic,3,62,155000,0.18401995272040367,0.19845129635334016,6.25e-05
dynamic,3,63,157500,0.18398699975609778,0.1983668301820755,6.25e-05
dynamic,3,64,160000,0.18395422607660294,0.1985320276737213,6.25e-05
dynamic,3,65,162500,0.18380723621249198,0.1987305916070938,6.25e-05
dynamic,3,66,165000,0.18393452880382538,0.19862459304332733,3.125e-05
dynamic,3,67,167500,0.18353378983139992,0.19823367393016816,3.125e-05
dynamic,3,68,170000,0.1835177331507206,0.19841708812713624,3.125e-05
dynamic,3,69,172500,0.18369642763733865,0.19849255766868593,3.125e-05
dynamic,3,70,175000,0.1836120353937149,0.19823105683326722,3.125e-05
dynamic,3,71,177500,0.18355652728080749,0.1983476197719574,3.125e-05
dynamic,3,72,180000,0.18349006436467172,0.198346129822731,3.125e-05
dynamic,3,73,182500,0.1835061709821224,0.19837603743076324,1.5625e-05
dynamic,3,74,185000,0.183398941719532,0.19819448194503783,1.5625e-05
dynamic,3,75,187500,0.18339278131127357,0.19815670359134674,1.5625e-05
dynamic,3,76,190000,0.18342731993794442,0.19831334393024444,1.5625e-05
dynamic,3,77,192500,0.18343166074752806,0.1983040365457535,1.5625e-05
dynamic,3,78,195000,0.1833501826763153,0.19816430926322937,1.5625e-05
dynamic,3,79,197500,0.18336515311598778,0.19826822183132173,1.5625e-05
dynamic,3,80,200000,0.18338630574345588,0.1982281925201416,1.5625e-05
dynamic,3,81,202500,0.1833674782216549,0.198178680229187,1e-05
dynamic,3,82,205000,0.18340208688378334,0.19817979760169982,1e-05
dynamic,3,83,207500,0.18334097539186478,0.19823072123527527,1e-05
dynamic,3,84,210000,0.18325761476159097,0.19821981897354127,1e-05
dynamic,3,85,212500,0.1832795672118664,0.19823996469974517,1e-05
dynamic,3,86,215000,0.1832967894256115,0.19818586547374725,1e-05
dynamic,3,87,217500,0.18329282795786858,0.19821839859485627,1e-05
dynamic,3,88,220000,0.18326090574264525,0.19827935874462127,1e-05
dynamic,3,89,222500,0.1833595119893551,0.19835305576324463,1e-05
dynamic,3,90,225000,0.1832787218272686,0.19834282515048982,1e-05
dynamic,4,1,2500,0.2755768442392349,0.23166590740680695,0.001
dynamic,4,2,5000,0.22557599707841874,0.22180447051525115,0.001
dynamic,4,3,7500,0.21719521520733834,0.21442731218338013,0.001
dynamic,4,4,10000,0.21214483419656754,0.2122817341566086,0.001
dynamic,4,5,12500,0.20878767767548562,0.20947673807144165,0.001
dynamic,4,6,15000,0.20640763579010962,0.20792161061763764,0.001
dynamic,4,7,17500,0.20446832609176635,0.2097707046508789,0.001
dynamic,4,8,20000,0.2030330747127533,0.2060858209848404,0.001
dynamic,4,9,22500,0.20163077394962312,0.20562412066459657,0.001
dynamic,4,10,25000,0.2005761277794838,0.20578663613796233,0.001
dynamic,4,11,27500,0.19961428796648978,0.20787783393859863,0.001
dynamic,4,12,30000,0.19882528100013733,0.20351800949573517,0.001
dynamic,4,13,32500,0.1979901110470295,0.20367352306842804,0.001
dynamic,4,14,35000,0.19735230336785317,0.20419716413021088,0.001
dynamic,4,15,37500,0.19668479511141776,0.20346022765636443,0.001
dynamic,4,16,40000,0.1961878255724907,0.20422772114276885,0.001
dynamic,4,17,42500,0.1957532257437706,0.20268816385269164,0.001
dynamic,4,18,45000,0.19534160524010658,0.20222118802070618,0.001
dynamic,4,19,47500,0.1948368823647499,0.20251784255504607,0.001
dynamic,4,20,50000,0.19438312079310416,0.20243692936897278,0.001
dynamic,4,21,52500,0.19409147318005562,0.20160107808113098,0.001
dynamic,4,22,55000,0.19381414194107055,0.20235627763271333,0.001
dynamic,4,23,57500,0.1934035887956619,0.20178459026813508,0.001
dynamic,4,24,60000,0.19313361719846725,0.20186514637470246,0.001
dynamic,4,25,62500,0.1927877980530262,0.20308692572116852,0.001
dynamic,4,26,65000,0.19266363645792006,0.20184453997612,0.001
dynamic,4,27,67500,0.1924033675134182,0.2016033590555191,0.0005
dynamic,4,28,70000,0.18980790309906007,0.20029926583766938,0.0005
dynamic,4,29,72500,0.18955717587471008,0.200017533659935,0.0005
dynamic,4,30,75000,0.18936160169839858,0.2006206387758255,0.0005
dynamic,4,31,77500,0.1890762611746788,0.20181935369968415,0.0005
dynamic,4,32,80000,0.18894546739459037,0.2003373696565628,0.0005
dynamic,4,33,82500,0.1888566464304924,0.20054261193275452,0.0005
dynamic,4,34,85000,0.1888317163169384,0.20084375941753388,0.0005
dynamic,4,35,87500,0.18847305172085763,0.201391467833519,0.00025
dynamic,4,36,90000,0.18713758885860443,0.20011748905181884,0.00025
dynamic,4,37,92500,0.18687845414876939,0.19980236854553224,0.00025
dynamic,4,38,95000,0.18682239186167718,0.1998207001209259,0.00025
dynamic,4,39,97500,0.1867403184890747,0.19994114933013915,0.00025
dynamic,4,40,100000,0.18668499677181244,0.20017599775791167,0.00025
dynamic,4,41,102500,0.18665084542632102,0.19993460116386413,0.00025
dynamic,4,42,105000,0.18650342419147492,0.19993443653583526,0.00025
dynamic,4,43,107500,0.18640629233717917,0.20019577531814575,0.000125
dynamic,4,44,110000,0.18555527159571647,0.19984837954044343,0.000125
dynamic,4,45,112500,0.18557232409119606,0.19942856419086458,0.000125
dynamic,4,46,115000,0.1854388433456421,0.19944270114898682,0.000125
dynamic,4,47,117500,0.18536816298365594,0.1997597934961319,0.000125
dynamic,4,48,120000,0.18529935691356658,0.19967671926021577,0.000125
dynamic,4,49,122500,0.1852372899055481,0.19944803745746612,0.000125
dynamic,4,50,125000,0.1852383246600628,0.19980250813961029,0.000125
dynamic,4,51,127500,0.18513137022852896,0.19966938636302947,6.25e-05
dynamic,4,52,130000,0.184814043456316,0.19936333916187288,6.25e-05
dynamic,4,53,132500,0.18469625604152679,0.1995129890680313,6.25e-05
dynamic,4,54,135000,0.18467618488669396,0.19955182917118072,6.25e-05
dynamic,4,55,137500,0.18473569526076317,0.19937106823921202,6.25e-05
dynamic,4,56,140000,0.18463420691490173,0.19950736107826234,6.25e-05
dynamic,4,57,142500,0.18457403987050056,0.19939510431289673,6.25e-05
dynamic,4,58,145000,0.18446048309206964,0.19964013361930846,3.125e-05
dynamic,4,59,147500,0.18441016959547996,0.19937629163265227,3.125e-05
dynamic,4,60,150000,0.1843434010028839,0.1992604992389679,3.125e-05
dynamic,4,61,152500,0.18437869489192962,0.19929395942687989,3.125e-05
dynamic,4,62,155000,0.18424179407358168,0.1993066472053528,3.125e-05
dynamic,4,63,157500,0.1842294541180134,0.19932180681228637,3.125e-05
dynamic,4,64,160000,0.18418993785381318,0.1991906718492508,3.125e-05
dynamic,4,65,162500,0.1843681746125221,0.1994214872121811,3.125e-05
dynamic,4,66,165000,0.18423698524236679,0.19942092900276184,3.125e-05
dynamic,4,67,167500,0.18417309495806694,0.19914590446949004,3.125e-05
dynamic,4,68,170000,0.184176311814785,0.19925728459358216,3.125e-05
dynamic,4,69,172500,0.18419328061938287,0.19941685545444487,3.125e-05
dynamic,4,70,175000,0.18422040226459502,0.19944680714607238,3.125e-05
dynamic,4,71,177500,0.18419802419543266,0.19945823316574096,3.125e-05
dynamic,4,72,180000,0.18406402562260626,0.19920304880142212,3.125e-05
dynamic,4,73,182500,0.18413840640187262,0.1993269820690155,1.5625e-05
dynamic,4,74,185000,0.18405984651446342,0.19927881734371186,1.5625e-05
dynamic,4,75,187500,0.18401438330411912,0.19927039220333098,1.5625e-05
dynamic,4,76,190000,0.18392838969230652,0.19941690459251404,1.5625e-05
dynamic,4,77,192500,0.18396140493750573,0.1993330001115799,1.5625e-05
dynamic,4,78,195000,0.18402882039546967,0.1992565728187561,1.5625e-05
dynamic,4,79,197500,0.18407955337762832,0.19932654252052306,1e-05
dynamic,4,80,200000,0.1839343314051628,0.1993054934501648,1e-05
dynamic,4,81,202500,0.18394106866717339,0.19928059797286987,1e-05
dynamic,4,82,205000,0.18387677645087241,0.1992716649055481,1e-05
