pretraining_epoch,completed_pretraining_epochs,final_acc1,best_acc1,best_acc1_probe_epoch,final_acc5,best_acc5,best_acc5_probe_epoch
0,1,0.14720000003051759,0.14720000003051759,49,0.3562000001220703,0.35640000012207035,47
1,2,0.15060000003051757,0.15099999990844726,40,0.3662000003051758,0.36700000030517577,47
2,3,0.15739999990844727,0.15960000003051758,43,0.3824000004272461,0.3824000004272461,49
5,6,0.1643999999694824,0.16599999996948242,47,0.3896000001831055,0.3926000001220703,43
10,11,0.12839999978637695,0.12999999978637697,45,0.31780000003051756,0.32139999957275395,40
15,16,0.12299999978637695,0.12499999978637696,43,0.3146000000305176,0.31500000003051754,46
20,21,0.12039999978637696,0.12159999978637695,48,0.31019999978637697,0.3121999998474121,43
21,22,0.11659999992370607,0.1171999999847412,43,0.29779999978637695,0.29819999984741213,38
26,27,0.12419999998474122,0.12539999998474122,44,0.31720000024414063,0.31739999990844725,43
