masking,seed,selected_epoch,selected_updates,stopping_updates
K1,0,1,2500,127500
K1,1,1,2500,127500
K1,2,1,2500,127500
K1,3,1,2500,127500
K1,4,1,2500,127500
K2,0,1,2500,127500
K2,1,1,2500,127500
K2,2,2,5000,130000
K2,3,2,5000,130000
K2,4,2,5000,130000
K4,0,3,7500,132500
K4,1,2,5000,130000
K4,2,2,5000,130000
K4,3,3,7500,132500
K4,4,2,5000,130000
K8,0,4,10000,135000
K8,1,5,12500,137500
K8,2,6,15000,140000
K8,3,5,12500,137500
K8,4,4,10000,135000
K16,0,9,22500,147500
K16,1,8,20000,145000
K16,2,8,20000,145000
K16,3,12,30000,155000
K16,4,7,17500,142500
K32,0,11,27500,152500
K32,1,15,37500,162500
K32,2,17,42500,167500
K32,3,16,40000,165000
K32,4,23,57500,182500
dynamic,0,37,92500,217500
dynamic,1,42,105000,230000
dynamic,2,48,120000,245000
dynamic,3,54,135000,260000
dynamic,4,44,110000,235000
