condition,pt_seed,ft_seed,task,column,dev_subset,metric,value,num_samples,lr,batch_size,epochs,finetune_steps,pretraining_step,checkpoint_used
K1,0,0,mnli,MNLI-m,valid,accuracy,0.724,9815,1e-05,32,10,122715,29985,checkpoint_best.pt
K1,0,0,mnli,MNLI-mm,valid-mm,accuracy,0.742,9832,1e-05,32,10,122715,29985,checkpoint_best.pt
K1,0,0,qnli,QNLI,valid,accuracy,0.823,5463,1e-05,32,10,32740,29985,checkpoint_best.pt
K1,0,0,qqp,QQP,valid,accuracy,0.859,40430,1e-05,32,10,113706,29985,checkpoint_best.pt
K1,0,0,sst2,SST-2,valid,accuracy,0.866,872,1e-05,32,10,21050,29985,checkpoint_best.pt
K1,0,0,stsb,STS-B,valid,spearmanr,0.7889400261418618,1500,2e-05,16,10,3600,29985,checkpoint_best.pt
K1,0,0,mrpc,MRPC,valid,matthews_correlation,0.49,408,5e-05,16,10,2300,29985,checkpoint_best.pt
K1,0,0,cola,CoLA,valid,matthews_correlation,0.378,1043,5e-05,16,10,5350,29985,checkpoint_best.pt
K1,0,0,rte,RTE,valid,matthews_correlation,0.118,277,5e-05,16,10,1560,29985,checkpoint_best.pt
K1,0,2,mnli,MNLI-m,valid,accuracy,0.726,9815,1e-05,32,10,122715,29985,checkpoint_best.pt
K1,0,2,mnli,MNLI-mm,valid-mm,accuracy,0.743,9832,1e-05,32,10,122715,29985,checkpoint_best.pt
K1,0,2,qnli,QNLI,valid,accuracy,0.824,5463,1e-05,32,10,32740,29985,checkpoint_best.pt
K1,0,2,qqp,QQP,valid,accuracy,0.857,40430,1e-05,32,10,113706,29985,checkpoint_best.pt
K1,0,2,sst2,SST-2,valid,accuracy,0.875,872,1e-05,32,10,21050,29985,checkpoint_best.pt
K1,0,2,stsb,STS-B,valid,spearmanr,0.7878319666134466,1500,2e-05,16,10,3600,29985,checkpoint_best.pt
K1,0,2,mrpc,MRPC,valid,matthews_correlation,0.48,408,5e-05,16,10,2300,29985,checkpoint_best.pt
K1,0,2,cola,CoLA,valid,matthews_correlation,0.355,1043,5e-05,16,10,5350,29985,checkpoint_best.pt
K1,0,2,rte,RTE,valid,matthews_correlation,0.146,277,5e-05,16,10,1560,29985,checkpoint_best.pt
K1,1,0,mnli,MNLI-m,valid,accuracy,0.732,9815,1e-05,32,10,122714,29985,checkpoint_best.pt
K1,1,0,mnli,MNLI-mm,valid-mm,accuracy,0.749,9832,1e-05,32,10,122714,29985,checkpoint_best.pt
K1,1,0,qnli,QNLI,valid,accuracy,0.818,5463,1e-05,32,10,32739,29985,checkpoint_best.pt
K1,1,0,qqp,QQP,valid,accuracy,0.858,40430,1e-05,32,10,113705,29985,checkpoint_best.pt
K1,1,0,sst2,SST-2,valid,accuracy,0.875,872,1e-05,32,10,21050,29985,checkpoint_best.pt
K1,1,0,stsb,STS-B,valid,spearmanr,0.7919215139365027,1500,2e-05,16,10,3600,29985,checkpoint_best.pt
K1,1,0,mrpc,MRPC,valid,matthews_correlation,0.482,408,5e-05,16,10,2300,29985,checkpoint_best.pt
K1,1,0,cola,CoLA,valid,matthews_correlation,0.386,1043,5e-05,16,10,5350,29985,checkpoint_best.pt
K1,1,0,rte,RTE,valid,matthews_correlation,0.091,277,5e-05,16,10,1560,29985,checkpoint_best.pt
K1,1,1,mnli,MNLI-m,valid,accuracy,0.731,9815,1e-05,32,10,122714,29985,checkpoint_best.pt
K1,1,1,mnli,MNLI-mm,valid-mm,accuracy,0.747,9832,1e-05,32,10,122714,29985,checkpoint_best.pt
K1,1,1,qnli,QNLI,valid,accuracy,0.818,5463,1e-05,32,10,32740,29985,checkpoint_best.pt
K1,1,1,qqp,QQP,valid,accuracy,0.861,40430,1e-05,32,10,113705,29985,checkpoint_best.pt
K1,1,1,sst2,SST-2,valid,accuracy,0.877,872,1e-05,32,10,21050,29985,checkpoint_best.pt
K1,1,1,stsb,STS-B,valid,spearmanr,0.7952134926885324,1500,2e-05,16,10,3600,29985,checkpoint_best.pt
K1,1,1,mrpc,MRPC,valid,matthews_correlation,0.418,408,5e-05,16,10,2300,29985,checkpoint_best.pt
K1,1,1,cola,CoLA,valid,matthews_correlation,0.399,1043,5e-05,16,10,5350,29985,checkpoint_best.pt
K1,1,1,rte,RTE,valid,matthews_correlation,0.052,277,5e-05,16,10,1560,29985,checkpoint_best.pt
K1,2,0,mnli,MNLI-m,valid,accuracy,0.728,9815,1e-05,32,10,122714,29985,checkpoint_best.pt
K1,2,0,mnli,MNLI-mm,valid-mm,accuracy,0.743,9832,1e-05,32,10,122714,29985,checkpoint_best.pt
K1,2,0,qnli,QNLI,valid,accuracy,0.836,5463,1e-05,32,10,32740,29985,checkpoint_best.pt
K1,2,0,qqp,QQP,valid,accuracy,0.861,40430,1e-05,32,10,113706,29985,checkpoint_best.pt
K1,2,0,sst2,SST-2,valid,accuracy,0.883,872,1e-05,32,10,21050,29985,checkpoint_best.pt
K1,2,0,stsb,STS-B,valid,spearmanr,0.817105615800783,1500,2e-05,16,10,3600,29985,checkpoint_best.pt
K1,2,0,mrpc,MRPC,valid,matthews_correlation,0.447,408,5e-05,16,10,2300,29985,checkpoint_best.pt
K1,2,0,cola,CoLA,valid,matthews_correlation,0.356,1043,5e-05,16,10,5350,29985,checkpoint_best.pt
K1,2,0,rte,RTE,valid,matthews_correlation,0.075,277,5e-05,16,10,1560,29985,checkpoint_best.pt
K1,2,2,mnli,MNLI-m,valid,accuracy,0.73,9815,1e-05,32,10,122714,29985,checkpoint_best.pt
K1,2,2,mnli,MNLI-mm,valid-mm,accuracy,0.744,9832,1e-05,32,10,122714,29985,checkpoint_best.pt
K1,2,2,qnli,QNLI,valid,accuracy,0.834,5463,1e-05,32,10,32740,29985,checkpoint_best.pt
K1,2,2,qqp,QQP,valid,accuracy,0.859,40430,1e-05,32,10,113706,29985,checkpoint_best.pt
K1,2,2,sst2,SST-2,valid,accuracy,0.882,872,1e-05,32,10,21050,29985,checkpoint_best.pt
K1,2,2,stsb,STS-B,valid,spearmanr,0.8048283791826328,1500,2e-05,16,10,3600,29985,checkpoint_best.pt
K1,2,2,mrpc,MRPC,valid,matthews_correlation,0.459,408,5e-05,16,10,2300,29985,checkpoint_best.pt
K1,2,2,cola,CoLA,valid,matthews_correlation,0.36,1043,5e-05,16,10,5350,29985,checkpoint_best.pt
K1,2,2,rte,RTE,valid,matthews_correlation,0.084,277,5e-05,16,10,1560,29985,checkpoint_best.pt
K10,0,0,mnli,MNLI-m,valid,accuracy,0.758,9815,1e-05,32,10,122714,99953,checkpoint_last.pt
K10,0,0,mnli,MNLI-mm,valid-mm,accuracy,0.773,9832,1e-05,32,10,122714,99953,checkpoint_last.pt
K10,0,0,qnli,QNLI,valid,accuracy,0.833,5463,1e-05,32,10,32739,99953,checkpoint_last.pt
K10,0,0,qqp,QQP,valid,accuracy,0.869,40430,1e-05,32,10,113704,99953,checkpoint_last.pt
K10,0,0,sst2,SST-2,valid,accuracy,0.872,872,1e-05,32,10,21046,99953,checkpoint_last.pt
K10,0,0,stsb,STS-B,valid,spearmanr,0.8144667246934918,1500,2e-05,16,10,3598,99953,checkpoint_last.pt
K10,0,0,mrpc,MRPC,valid,matthews_correlation,0.587,408,5e-05,16,10,2300,99953,checkpoint_last.pt
K10,0,0,cola,CoLA,valid,matthews_correlation,0.425,1043,5e-05,16,10,5350,99953,checkpoint_last.pt
K10,0,0,rte,RTE,valid,matthews_correlation,0.108,277,5e-05,16,10,1560,99953,checkpoint_last.pt
K10,0,2,mnli,MNLI-m,valid,accuracy,0.763,9815,1e-05,32,10,122716,99953,checkpoint_last.pt
K10,0,2,mnli,MNLI-mm,valid-mm,accuracy,0.777,9832,1e-05,32,10,122716,99953,checkpoint_last.pt
K10,0,2,qnli,QNLI,valid,accuracy,0.841,5463,1e-05,32,10,32740,99953,checkpoint_last.pt
K10,0,2,qqp,QQP,valid,accuracy,0.87,40430,1e-05,32,10,113705,99953,checkpoint_last.pt
K10,0,2,sst2,SST-2,valid,accuracy,0.874,872,1e-05,32,10,21046,99953,checkpoint_last.pt
K10,0,2,stsb,STS-B,valid,spearmanr,0.8076490255509592,1500,2e-05,16,10,3600,99953,checkpoint_last.pt
K10,0,2,mrpc,MRPC,valid,matthews_correlation,0.573,408,5e-05,16,10,2299,99953,checkpoint_last.pt
K10,0,2,cola,CoLA,valid,matthews_correlation,0.378,1043,5e-05,16,10,5347,99953,checkpoint_last.pt
K10,0,2,rte,RTE,valid,matthews_correlation,0.139,277,5e-05,16,10,1560,99953,checkpoint_last.pt
K10,1,0,mnli,MNLI-m,valid,accuracy,0.759,9815,1e-05,32,10,122715,99953,checkpoint_last.pt
K10,1,0,mnli,MNLI-mm,valid-mm,accuracy,0.775,9832,1e-05,32,10,122715,99953,checkpoint_last.pt
K10,1,0,qnli,QNLI,valid,accuracy,0.846,5463,1e-05,32,10,32739,99953,checkpoint_last.pt
K10,1,0,qqp,QQP,valid,accuracy,0.87,40430,1e-05,32,10,113705,99953,checkpoint_last.pt
K10,1,0,sst2,SST-2,valid,accuracy,0.876,872,1e-05,32,10,21049,99953,checkpoint_last.pt
K10,1,0,stsb,STS-B,valid,spearmanr,0.8076871762946742,1500,2e-05,16,10,3600,99953,checkpoint_last.pt
K10,1,0,mrpc,MRPC,valid,matthews_correlation,0.535,408,5e-05,16,10,2300,99953,checkpoint_last.pt
K10,1,0,cola,CoLA,valid,matthews_correlation,0.445,1043,5e-05,16,10,5350,99953,checkpoint_last.pt
K10,1,0,rte,RTE,valid,matthews_correlation,0.092,277,5e-05,16,10,1560,99953,checkpoint_last.pt
K10,1,1,mnli,MNLI-m,valid,accuracy,0.761,9815,1e-05,32,10,122715,99953,checkpoint_last.pt
K10,1,1,mnli,MNLI-mm,valid-mm,accuracy,0.772,9832,1e-05,32,10,122715,99953,checkpoint_last.pt
K10,1,1,qnli,QNLI,valid,accuracy,0.848,5463,1e-05,32,10,32739,99953,checkpoint_last.pt
K10,1,1,qqp,QQP,valid,accuracy,0.868,40430,1e-05,32,10,113704,99953,checkpoint_last.pt
K10,1,1,sst2,SST-2,valid,accuracy,0.878,872,1e-05,32,10,21048,99953,checkpoint_last.pt
K10,1,1,stsb,STS-B,valid,spearmanr,0.8002167447488958,1500,2e-05,16,10,3600,99953,checkpoint_last.pt
K10,1,1,mrpc,MRPC,valid,matthews_correlation,0.58,408,5e-05,16,10,2300,99953,checkpoint_last.pt
K10,1,1,cola,CoLA,valid,matthews_correlation,0.467,1043,5e-05,16,10,5349,99953,checkpoint_last.pt
K10,1,1,rte,RTE,valid,matthews_correlation,0.117,277,5e-05,16,10,1560,99953,checkpoint_last.pt
K10,2,0,mnli,MNLI-m,valid,accuracy,0.768,9815,1e-05,32,10,122714,99953,checkpoint_last.pt
K10,2,0,mnli,MNLI-mm,valid-mm,accuracy,0.777,9832,1e-05,32,10,122714,99953,checkpoint_last.pt
K10,2,0,qnli,QNLI,valid,accuracy,0.85,5463,1e-05,32,10,32738,99953,checkpoint_last.pt
K10,2,0,qqp,QQP,valid,accuracy,0.874,40430,1e-05,32,10,113706,99953,checkpoint_last.pt
K10,2,0,sst2,SST-2,valid,accuracy,0.896,872,1e-05,32,10,21050,99953,checkpoint_last.pt
K10,2,0,stsb,STS-B,valid,spearmanr,0.8172139148553368,1500,2e-05,16,10,3600,99953,checkpoint_last.pt
K10,2,0,mrpc,MRPC,valid,matthews_correlation,0.507,408,5e-05,16,10,2300,99953,checkpoint_last.pt
K10,2,0,cola,CoLA,valid,matthews_correlation,0.419,1043,5e-05,16,10,5350,99953,checkpoint_last.pt
K10,2,0,rte,RTE,valid,matthews_correlation,0.072,277,5e-05,16,10,1560,99953,checkpoint_last.pt
K10,2,2,mnli,MNLI-m,valid,accuracy,0.767,9815,1e-05,32,10,122715,99953,checkpoint_last.pt
K10,2,2,mnli,MNLI-mm,valid-mm,accuracy,0.775,9832,1e-05,32,10,122715,99953,checkpoint_last.pt
K10,2,2,qnli,QNLI,valid,accuracy,0.846,5463,1e-05,32,10,32739,99953,checkpoint_last.pt
K10,2,2,qqp,QQP,valid,accuracy,0.87,40430,1e-05,32,10,113705,99953,checkpoint_last.pt
K10,2,2,sst2,SST-2,valid,accuracy,0.889,872,1e-05,32,10,21050,99953,checkpoint_last.pt
K10,2,2,stsb,STS-B,valid,spearmanr,0.8317440706238819,1500,2e-05,16,10,3600,99953,checkpoint_last.pt
K10,2,2,mrpc,MRPC,valid,matthews_correlation,0.548,408,5e-05,16,10,2300,99953,checkpoint_last.pt
K10,2,2,cola,CoLA,valid,matthews_correlation,0.464,1043,5e-05,16,10,5350,99953,checkpoint_last.pt
K10,2,2,rte,RTE,valid,matthews_correlation,0.097,277,5e-05,16,10,1560,99953,checkpoint_last.pt
Dynamic,0,0,mnli,MNLI-m,valid,accuracy,0.767,9815,1e-05,32,10,122715,99953,checkpoint_last.pt
Dynamic,0,0,mnli,MNLI-mm,valid-mm,accuracy,0.778,9832,1e-05,32,10,122715,99953,checkpoint_last.pt
Dynamic,0,0,qnli,QNLI,valid,accuracy,0.857,5463,1e-05,32,10,32740,99953,checkpoint_last.pt
Dynamic,0,0,qqp,QQP,valid,accuracy,0.871,40430,1e-05,32,10,113705,99953,checkpoint_last.pt
Dynamic,0,0,sst2,SST-2,valid,accuracy,0.897,872,1e-05,32,10,21049,99953,checkpoint_last.pt
Dynamic,0,0,stsb,STS-B,valid,spearmanr,0.8041964419965941,1500,2e-05,16,10,3600,99953,checkpoint_last.pt
Dynamic,0,0,mrpc,MRPC,valid,matthews_correlation,0.484,408,5e-05,16,10,2300,99953,checkpoint_last.pt
Dynamic,0,0,cola,CoLA,valid,matthews_correlation,0.435,1043,5e-05,16,10,5350,99953,checkpoint_last.pt
Dynamic,0,0,rte,RTE,valid,matthews_correlation,0.11,277,5e-05,16,10,1560,99953,checkpoint_last.pt
Dynamic,0,2,mnli,MNLI-m,valid,accuracy,0.77,9815,1e-05,32,10,122715,99953,checkpoint_last.pt
Dynamic,0,2,mnli,MNLI-mm,valid-mm,accuracy,0.778,9832,1e-05,32,10,122715,99953,checkpoint_last.pt
Dynamic,0,2,qnli,QNLI,valid,accuracy,0.851,5463,1e-05,32,10,32740,99953,checkpoint_last.pt
Dynamic,0,2,qqp,QQP,valid,accuracy,0.871,40430,1e-05,32,10,113705,99953,checkpoint_last.pt
Dynamic,0,2,sst2,SST-2,valid,accuracy,0.899,872,1e-05,32,10,21047,99953,checkpoint_last.pt
Dynamic,0,2,stsb,STS-B,valid,spearmanr,0.8091683696994125,1500,2e-05,16,10,3600,99953,checkpoint_last.pt
Dynamic,0,2,mrpc,MRPC,valid,matthews_correlation,0.503,408,5e-05,16,10,2300,99953,checkpoint_last.pt
Dynamic,0,2,cola,CoLA,valid,matthews_correlation,0.439,1043,5e-05,16,10,5350,99953,checkpoint_last.pt
Dynamic,0,2,rte,RTE,valid,matthews_correlation,0.067,277,5e-05,16,10,1560,99953,checkpoint_last.pt
Dynamic,1,0,mnli,MNLI-m,valid,accuracy,0.769,9815,1e-05,32,10,122716,99953,checkpoint_last.pt
Dynamic,1,0,mnli,MNLI-mm,valid-mm,accuracy,0.774,9832,1e-05,32,10,122716,99953,checkpoint_last.pt
Dynamic,1,0,qnli,QNLI,valid,accuracy,0.849,5463,1e-05,32,10,32739,99953,checkpoint_last.pt
Dynamic,1,0,qqp,QQP,valid,accuracy,0.873,40430,1e-05,32,10,113705,99953,checkpoint_last.pt
Dynamic,1,0,sst2,SST-2,valid,accuracy,0.893,872,1e-05,32,10,21047,99953,checkpoint_last.pt
Dynamic,1,0,stsb,STS-B,valid,spearmanr,0.8216969872524168,1500,2e-05,16,10,3600,99953,checkpoint_last.pt
Dynamic,1,0,mrpc,MRPC,valid,matthews_correlation,0.594,408,5e-05,16,10,2299,99953,checkpoint_last.pt
Dynamic,1,0,cola,CoLA,valid,matthews_correlation,0.466,1043,5e-05,16,10,5349,99953,checkpoint_last.pt
Dynamic,1,0,rte,RTE,valid,matthews_correlation,-0.011,277,5e-05,16,10,1560,99953,checkpoint_last.pt
Dynamic,1,1,mnli,MNLI-m,valid,accuracy,0.771,9815,1e-05,32,10,122714,99953,checkpoint_last.pt
Dynamic,1,1,mnli,MNLI-mm,valid-mm,accuracy,0.771,9832,1e-05,32,10,122714,99953,checkpoint_last.pt
Dynamic,1,1,qnli,QNLI,valid,accuracy,0.853,5463,1e-05,32,10,32740,99953,checkpoint_last.pt
Dynamic,1,1,qqp,QQP,valid,accuracy,0.87,40430,1e-05,32,10,113705,99953,checkpoint_last.pt
Dynamic,1,1,sst2,SST-2,valid,accuracy,0.897,872,1e-05,32,10,21049,99953,checkpoint_last.pt
Dynamic,1,1,stsb,STS-B,valid,spearmanr,0.8334230213076521,1500,2e-05,16,10,3600,99953,checkpoint_last.pt
Dynamic,1,1,mrpc,MRPC,valid,matthews_correlation,0.573,408,5e-05,16,10,2300,99953,checkpoint_last.pt
Dynamic,1,1,cola,CoLA,valid,matthews_correlation,0.48,1043,5e-05,16,10,5350,99953,checkpoint_last.pt
Dynamic,1,1,rte,RTE,valid,matthews_correlation,0.06,277,5e-05,16,10,1560,99953,checkpoint_last.pt
Dynamic,2,0,mnli,MNLI-m,valid,accuracy,0.763,9815,1e-05,32,10,122715,99953,checkpoint_last.pt
Dynamic,2,0,mnli,MNLI-mm,valid-mm,accuracy,0.778,9832,1e-05,32,10,122715,99953,checkpoint_last.pt
Dynamic,2,0,qnli,QNLI,valid,accuracy,0.858,5463,1e-05,32,10,32739,99953,checkpoint_last.pt
Dynamic,2,0,qqp,QQP,valid,accuracy,0.875,40430,1e-05,32,10,113705,99953,checkpoint_last.pt
Dynamic,2,0,sst2,SST-2,valid,accuracy,0.888,872,1e-05,32,10,21050,99953,checkpoint_last.pt
Dynamic,2,0,stsb,STS-B,valid,spearmanr,0.8394156199002197,1500,2e-05,16,10,3600,99953,checkpoint_last.pt
Dynamic,2,0,mrpc,MRPC,valid,matthews_correlation,0.611,408,5e-05,16,10,2300,99953,checkpoint_last.pt
Dynamic,2,0,cola,CoLA,valid,matthews_correlation,0.522,1043,5e-05,16,10,5350,99953,checkpoint_last.pt
Dynamic,2,0,rte,RTE,valid,matthews_correlation,0.084,277,5e-05,16,10,1560,99953,checkpoint_last.pt
Dynamic,2,2,mnli,MNLI-m,valid,accuracy,0.77,9815,1e-05,32,10,122715,99953,checkpoint_last.pt
Dynamic,2,2,mnli,MNLI-mm,valid-mm,accuracy,0.78,9832,1e-05,32,10,122715,99953,checkpoint_last.pt
Dynamic,2,2,qnli,QNLI,valid,accuracy,0.859,5463,1e-05,32,10,32739,99953,checkpoint_last.pt
Dynamic,2,2,qqp,QQP,valid,accuracy,0.873,40430,1e-05,32,10,113705,99953,checkpoint_last.pt
Dynamic,2,2,sst2,SST-2,valid,accuracy,0.89,872,1e-05,32,10,21050,99953,checkpoint_last.pt
Dynamic,2,2,stsb,STS-B,valid,spearmanr,0.8399585754616654,1500,2e-05,16,10,3600,99953,checkpoint_last.pt
Dynamic,2,2,mrpc,MRPC,valid,matthews_correlation,0.568,408,5e-05,16,10,2300,99953,checkpoint_last.pt
Dynamic,2,2,cola,CoLA,valid,matthews_correlation,0.488,1043,5e-05,16,10,5350,99953,checkpoint_last.pt
Dynamic,2,2,rte,RTE,valid,matthews_correlation,0.127,277,5e-05,16,10,1560,99953,checkpoint_last.pt
