condition,pt_seed,column,score_100
K1,0,MNLI-m,72.5
K1,0,MNLI-mm,74.25
K1,0,QNLI,82.35
K1,0,QQP,85.8
K1,0,SST-2,87.05000000000001
K1,0,STS-B,78.83859963776541
K1,0,MRPC,48.5
K1,0,CoLA,36.65
K1,0,RTE,13.200000000000001
K1,0,AVG,63.11107495472068
K1,1,MNLI-m,73.15
K1,1,MNLI-mm,74.8
K1,1,QNLI,81.8
K1,1,QQP,85.94999999999999
K1,1,SST-2,87.6
K1,1,STS-B,79.35675033125176
K1,1,MRPC,44.99999999999999
K1,1,CoLA,39.25
K1,1,RTE,7.1499999999999995
K1,1,AVG,62.40709379140647
K1,2,MNLI-m,72.89999999999999
K1,2,MNLI-mm,74.35000000000001
K1,2,QNLI,83.5
K1,2,QQP,86.0
K1,2,SST-2,88.25
K1,2,STS-B,81.0966997491708
K1,2,MRPC,45.300000000000004
K1,2,CoLA,35.8
K1,2,RTE,7.95
K1,2,AVG,62.59958746864635
K10,0,MNLI-m,76.05
K10,0,MNLI-mm,77.5
K10,0,QNLI,83.7
K10,0,QQP,86.94999999999999
K10,0,SST-2,87.3
K10,0,STS-B,81.10578751222255
K10,0,MRPC,57.99999999999999
K10,0,CoLA,40.15
K10,0,RTE,12.35
K10,0,AVG,65.70072343902783
K10,1,MNLI-m,76.0
K10,1,MNLI-mm,77.35000000000001
K10,1,QNLI,84.7
K10,1,QQP,86.9
K10,1,SST-2,87.7
K10,1,STS-B,80.3951960521785
K10,1,MRPC,55.75
K10,1,CoLA,45.6
K10,1,RTE,10.450000000000001
K10,1,AVG,65.93689950652232
K10,2,MNLI-m,76.75
K10,2,MNLI-mm,77.60000000000001
K10,2,QNLI,84.8
K10,2,QQP,87.2
K10,2,SST-2,89.25
K10,2,STS-B,82.44789927396093
K10,2,MRPC,52.75000000000001
K10,2,CoLA,44.15
K10,2,RTE,8.45
K10,2,AVG,65.72473740924511
Dynamic,0,MNLI-m,76.85
Dynamic,0,MNLI-mm,77.8
Dynamic,0,QNLI,85.39999999999999
Dynamic,0,QQP,87.1
Dynamic,0,SST-2,89.8
Dynamic,0,STS-B,80.66824058480033
Dynamic,0,MRPC,49.35
Dynamic,0,CoLA,43.7
Dynamic,0,RTE,8.85
Dynamic,0,AVG,65.21478007310004
Dynamic,1,MNLI-m,77.0
Dynamic,1,MNLI-mm,77.25
Dynamic,1,QNLI,85.1
Dynamic,1,QQP,87.14999999999999
Dynamic,1,SST-2,89.5
Dynamic,1,STS-B,82.75600042800345
Dynamic,1,MRPC,58.349999999999994
Dynamic,1,CoLA,47.3
Dynamic,1,RTE,2.45
Dynamic,1,AVG,66.20075005350043
Dynamic,2,MNLI-m,76.64999999999999
Dynamic,2,MNLI-mm,77.9
Dynamic,2,QNLI,85.85000000000001
Dynamic,2,QQP,87.4
Dynamic,2,SST-2,88.9
Dynamic,2,STS-B,83.96870976809426
Dynamic,2,MRPC,58.94999999999999
Dynamic,2,CoLA,50.5
Dynamic,2,RTE,10.55
Dynamic,2,AVG,67.84608872101178
