condition,column,mean_100,sd_100,sem_100,n_pretraining_seeds,n_finetuning_seeds_per_pretraining
K1,MNLI-m,72.85,0.32787192621510197,0.18929694486001025,3,2
K1,MNLI-mm,74.46666666666667,0.29297326385411243,0.1691481927515351,3,2
K1,QNLI,82.55,0.8674675786448756,0.5008326400438918,3,2
K1,QQP,85.91666666666666,0.10408329997330641,0.060092521257733025,3,2
K1,SST-2,87.63333333333334,0.6006940430313313,0.3468108674447438,3,2
K1,STS-B,79.76401657272932,1.1828581368311657,0.6829234637126127,3,2
K1,MRPC,46.266666666666666,1.939931270260196,1.120019841094097,3,2
K1,CoLA,37.233333333333334,1.7974519001445737,1.037759338403874,3,2
K1,RTE,9.433333333333334,3.286462130214395,1.897439795560792,3,2
K1,AVG,62.70591873825783,0.36383667180233464,0.21006120040613543,3,2
K10,MNLI-m,76.26666666666667,0.4193248541803049,0.24209731743889962,3,2
K10,MNLI-mm,77.48333333333333,0.12583057392117858,0.07264831572567756,3,2
K10,QNLI,84.4,0.6082762530298201,0.3511884584284236,3,2
K10,QQP,87.01666666666667,0.16072751268321783,0.0927960727138348,3,2
K10,SST-2,88.08333333333333,1.0299676370320257,0.5946520924970428,3,2
K10,STS-B,81.316294279454,1.0424166410157985,0.6018395282982167,3,2
K10,MRPC,55.5,2.6339134382131775,1.5206906325745508,3,2
K10,CoLA,43.3,2.82267603525449,1.6296727687892854,3,2
K10,RTE,10.416666666666666,1.95021366350801,1.125956383603636,3,2
K10,AVG,65.78745345159842,0.1299798453247197,0.07504389868745284,3,2
Dynamic,MNLI-m,76.83333333333333,0.1755942292142165,0.10137937550497275,3,2
Dynamic,MNLI-mm,77.65,0.3500000000000014,0.20207259421636986,3,2
Dynamic,QNLI,85.45,0.3774917217635452,0.21794494717703813,3,2
Dynamic,QQP,87.21666666666667,0.160727512683223,0.09279607271383779,3,2
Dynamic,SST-2,89.4,0.45825756949557966,0.2645751311064566,3,2
Dynamic,STS-B,82.464316926966,1.669456095874136,0.9638609263531942,3,2
Dynamic,MRPC,55.55,5.377731863899495,3.1048349392520014,3,2
Dynamic,CoLA,47.166666666666664,3.4019602192461513,1.9641226483541638,3,2
Dynamic,RTE,7.283333333333333,4.271221527073179,2.465990898424224,3,2
Dynamic,AVG,66.42053961587075,1.3293520560554972,0.7675017674114238,3,2
