run_id,epoch,validation_top1_pct,validation_top5_pct,validation_loss,source_representation,source_decimal_places
main_dynamic_standard50,0,1.2199999996185302,6.219999998092652,4.606355929374695,scalar_json_log,native_float
main_dynamic_standard50,1,3.7599999988555908,13.9,4.489146423339844,scalar_json_log,native_float
main_dynamic_standard50,2,8.940000003051757,26.399999993896483,4.318010449409485,scalar_json_log,native_float
main_dynamic_standard50,3,12.660000012207032,35.0799999633789,4.127512097358704,scalar_json_log,native_float
main_dynamic_standard50,4,17.079999990844726,40.56,3.936487650871277,scalar_json_log,native_float
main_dynamic_standard50,5,20.04000002746582,44.30000003662109,3.7548882365226746,scalar_json_log,native_float
main_dynamic_standard50,6,22.399999993896483,47.959999969482425,3.6017428040504456,scalar_json_log,native_float
main_dynamic_standard50,7,23.96000002441406,50.439999975585934,3.4631529211997987,scalar_json_log,native_float
main_dynamic_standard50,8,25.93999999694824,52.72000001220703,3.338318610191345,scalar_json_log,native_float
main_dynamic_standard50,9,27.39999995727539,54.320000018310544,3.235779595375061,scalar_json_log,native_float
main_dynamic_standard50,10,28.699999963378907,55.76000001831055,3.14260470867157,scalar_json_log,native_float
main_dynamic_standard50,11,29.97999998779297,57.34000003051758,3.065980017185211,scalar_json_log,native_float
main_dynamic_standard50,12,30.979999981689453,58.460000036621096,2.998659300804138,scalar_json_log,native_float
main_dynamic_standard50,13,31.799999993896485,59.260000042724606,2.937913727760315,scalar_json_log,native_float
main_dynamic_standard50,14,32.259999993896486,60.480000054931644,2.8935096144676207,scalar_json_log,native_float
main_dynamic_standard50,15,33.01999998779297,61.45999995727539,2.843226635456085,scalar_json_log,native_float
main_dynamic_standard50,16,33.519999993896484,62.05999998779297,2.808429443836212,scalar_json_log,native_float
main_dynamic_standard50,17,34.08000001220703,62.579999981689454,2.775591194629669,scalar_json_log,native_float
main_dynamic_standard50,18,34.64000001220703,63.339999993896484,2.741530787944794,scalar_json_log,native_float
main_dynamic_standard50,19,35.10000001220703,64.12,2.711507785320282,scalar_json_log,native_float
main_dynamic_standard50,20,35.72000001220703,64.32,2.689484345912933,scalar_json_log,native_float
main_dynamic_standard50,21,36.24000003051758,64.83999998779296,2.6615396976470946,scalar_json_log,native_float
main_dynamic_standard50,22,36.52000003051758,65.35999999389648,2.6488751769065857,scalar_json_log,native_float
main_dynamic_standard50,23,36.680000030517576,66.02,2.6198615074157714,scalar_json_log,native_float
main_dynamic_standard50,24,37.220000030517575,66.1,2.6022968649864198,scalar_json_log,native_float
main_dynamic_standard50,25,37.60000004272461,66.48,2.5887053489685057,scalar_json_log,native_float
main_dynamic_standard50,26,37.500000030517576,66.58,2.576554071903229,scalar_json_log,native_float
main_dynamic_standard50,27,38.06000004272461,67.02,2.5610830545425416,scalar_json_log,native_float
main_dynamic_standard50,28,38.00000004272461,66.94000000610352,2.5494106292724608,scalar_json_log,native_float
main_dynamic_standard50,29,38.42000004882812,67.28000001220703,2.5384769797325135,scalar_json_log,native_float
main_dynamic_standard50,30,38.60000004272461,67.36,2.5282784700393677,scalar_json_log,native_float
main_dynamic_standard50,31,38.800000048828124,67.66000000610352,2.519750213623047,scalar_json_log,native_float
main_dynamic_standard50,32,38.800000048828124,67.98000001220703,2.5085437178611754,scalar_json_log,native_float
main_dynamic_standard50,33,39.24000004882812,67.84000001220703,2.506381857395172,scalar_json_log,native_float
main_dynamic_standard50,34,39.37999996337891,68.08000001220704,2.499858486652374,scalar_json_log,native_float
main_dynamic_standard50,35,39.49999995727539,68.20000001220703,2.4984503746032716,scalar_json_log,native_float
main_dynamic_standard50,36,39.64000005493164,68.22000001220704,2.486814892292023,scalar_json_log,native_float
main_dynamic_standard50,37,39.79999995727539,68.36000001220702,2.4902371644973753,scalar_json_log,native_float
main_dynamic_standard50,38,39.779999963378906,68.44000001220704,2.4851648688316343,scalar_json_log,native_float
main_dynamic_standard50,39,39.61999995727539,68.72000001220704,2.478730344772339,scalar_json_log,native_float
main_dynamic_standard50,40,39.63999995727539,68.62000001220703,2.4809592366218567,scalar_json_log,native_float
main_dynamic_standard50,41,39.8999999633789,68.80000001220704,2.4736911177635195,scalar_json_log,native_float
main_dynamic_standard50,42,39.69999996337891,68.74000001220703,2.4772838354110718,scalar_json_log,native_float
main_dynamic_standard50,43,39.99999995727539,68.81999991455078,2.472656047344208,scalar_json_log,native_float
main_dynamic_standard50,44,40.01999995727539,68.72000001220704,2.472787582874298,scalar_json_log,native_float
main_dynamic_standard50,45,39.92000005493164,68.80000001220704,2.4701955914497375,scalar_json_log,native_float
main_dynamic_standard50,46,39.800000054931644,68.74000001220703,2.4699077367782594,scalar_json_log,native_float
main_dynamic_standard50,47,39.81999995727539,68.64000001220703,2.472451591491699,scalar_json_log,native_float
main_dynamic_standard50,48,39.75999995727539,68.65999991455078,2.474479305744171,scalar_json_log,native_float
main_dynamic_standard50,49,39.959999963378905,68.78000001220703,2.467922937870026,scalar_json_log,native_float
main_static_standard50,0,1.12,5.4799999977111815,4.622720217704773,scalar_json_log,native_float
main_static_standard50,1,2.4999999996185305,9.70000000152588,4.558000755310059,scalar_json_log,native_float
main_static_standard50,2,4.999999996948242,15.63999999847412,4.465383744239807,scalar_json_log,native_float
main_static_standard50,3,6.9400000030517575,20.820000003051756,4.36263792514801,scalar_json_log,native_float
main_static_standard50,4,8.899999995422363,24.980000021362304,4.260272860527039,scalar_json_log,native_float
main_static_standard50,5,10.779999993896485,28.100000006103517,4.1613730669021605,scalar_json_log,native_float
main_static_standard50,6,12.299999992370605,30.740000024414062,4.07527904510498,scalar_json_log,native_float
main_static_standard50,7,13.179999984741212,32.97999998474121,3.993715262413025,scalar_json_log,native_float
main_static_standard50,8,14.619999984741211,34.759999975585934,3.917216646671295,scalar_json_log,native_float
main_static_standard50,9,15.640000003051759,36.44,3.845361614227295,scalar_json_log,native_float
main_static_standard50,10,16.419999996948242,38.600000018310546,3.779550337791443,scalar_json_log,native_float
main_static_standard50,11,17.220000009155275,39.70000003051758,3.723475420475006,scalar_json_log,native_float
main_static_standard50,12,18.20000002746582,41.540000036621095,3.677714467048645,scalar_json_log,native_float
main_static_standard50,13,18.65999998779297,42.46000004272461,3.6299543261528013,scalar_json_log,native_float
main_static_standard50,14,19.38,43.52000005493164,3.593165099620819,scalar_json_log,native_float
main_static_standard50,15,20.12,44.07999996948242,3.5544566750526427,scalar_json_log,native_float
main_static_standard50,16,20.400000006103514,44.7199999633789,3.5260549068450926,scalar_json_log,native_float
main_static_standard50,17,20.980000006103516,45.139999963378905,3.4985408425331115,scalar_json_log,native_float
main_static_standard50,18,21.54000001220703,45.87999996337891,3.470762014389038,scalar_json_log,native_float
main_static_standard50,19,22.10000001220703,46.33999996948242,3.44739545583725,scalar_json_log,native_float
main_static_standard50,20,22.200000018310547,46.83999997558594,3.426818239688873,scalar_json_log,native_float
main_static_standard50,21,22.44000001220703,47.33999997558594,3.4068803429603576,scalar_json_log,native_float
main_static_standard50,22,22.680000024414063,47.75999996948242,3.392636072635651,scalar_json_log,native_float
main_static_standard50,23,22.880000024414063,48.219999981689455,3.3694581389427185,scalar_json_log,native_float
main_static_standard50,24,23.320000018310548,48.59999998779297,3.353665053844452,scalar_json_log,native_float
main_static_standard50,25,23.320000024414064,48.99999998779297,3.341913616657257,scalar_json_log,native_float
main_static_standard50,26,23.560000018310546,49.09999998168945,3.3324194669723513,scalar_json_log,native_float
main_static_standard50,27,23.940000018310545,49.119999987792966,3.3189292550086975,scalar_json_log,native_float
main_static_standard50,28,23.939999978637694,49.519999993896484,3.309768223762512,scalar_json_log,native_float
main_static_standard50,29,24.380000018310547,49.63999999389648,3.299324297904968,scalar_json_log,native_float
main_static_standard50,30,24.240000024414062,50.1,3.29015052318573,scalar_json_log,native_float
main_static_standard50,31,24.480000024414064,50.27999999389648,3.282495391368866,scalar_json_log,native_float
main_static_standard50,32,24.560000024414062,50.5,3.274156999588013,scalar_json_log,native_float
main_static_standard50,33,25.279999978637694,50.37999999389648,3.270343470573425,scalar_json_log,native_float
main_static_standard50,34,24.840000024414064,50.579999993896486,3.263611078262329,scalar_json_log,native_float
main_static_standard50,35,24.96000002441406,50.52,3.263859248161316,scalar_json_log,native_float
main_static_standard50,36,25.059999978637695,50.86,3.255959153175354,scalar_json_log,native_float
main_static_standard50,37,25.199999978637695,50.96000000610351,3.256207597255707,scalar_json_log,native_float
main_static_standard50,38,25.200000024414063,50.98000001220703,3.252330148220062,scalar_json_log,native_float
main_static_standard50,39,25.28000002441406,51.04000000610352,3.248744177818298,scalar_json_log,native_float
main_static_standard50,40,25.340000024414064,51.18000001220703,3.2469200611114504,scalar_json_log,native_float
main_static_standard50,41,25.340000024414064,51.16000001831055,3.242236649990082,scalar_json_log,native_float
main_static_standard50,42,25.419999978637694,51.160000006103516,3.2447922945022585,scalar_json_log,native_float
main_static_standard50,43,25.320000024414064,51.34000002441406,3.2410325050354003,scalar_json_log,native_float
main_static_standard50,44,25.439999978637694,51.240000018310546,3.2422146081924437,scalar_json_log,native_float
main_static_standard50,45,25.399999978637695,51.14000000610351,3.2399107336997988,scalar_json_log,native_float
main_static_standard50,46,25.319999978637696,51.14000000610351,3.2415662884712217,scalar_json_log,native_float
main_static_standard50,47,25.500000024414064,51.360000018310544,3.2410842895507814,scalar_json_log,native_float
main_static_standard50,48,25.380000024414063,51.18000000610351,3.2419954895973206,scalar_json_log,native_float
main_static_standard50,49,25.339999978637696,51.20000001831055,3.2395428895950316,scalar_json_log,native_float
umae200_dynamic_standard50,0,1.260,5.920,4.616,console_summary,3
umae200_dynamic_standard50,1,3.720,14.740,4.494,console_summary,3
umae200_dynamic_standard50,2,9.800,26.220,4.315,console_summary,3
umae200_dynamic_standard50,3,14.460,36.260,4.113,console_summary,3
umae200_dynamic_standard50,4,19.300,43.360,3.903,console_summary,3
umae200_dynamic_standard50,5,22.760,48.260,3.695,console_summary,3
umae200_dynamic_standard50,6,25.660,51.800,3.518,console_summary,3
umae200_dynamic_standard50,7,27.940,54.680,3.347,console_summary,3
umae200_dynamic_standard50,8,30.100,57.280,3.195,console_summary,3
umae200_dynamic_standard50,9,32.340,58.940,3.064,console_summary,3
umae200_dynamic_standard50,10,34.220,61.240,2.945,console_summary,3
umae200_dynamic_standard50,11,35.380,62.860,2.841,console_summary,3
umae200_dynamic_standard50,12,36.680,64.480,2.756,console_summary,3
umae200_dynamic_standard50,13,37.880,65.940,2.683,console_summary,3
umae200_dynamic_standard50,14,38.820,66.920,2.621,console_summary,3
umae200_dynamic_standard50,15,39.760,67.940,2.557,console_summary,3
umae200_dynamic_standard50,16,40.420,68.760,2.512,console_summary,3
umae200_dynamic_standard50,17,41.120,69.440,2.471,console_summary,3
umae200_dynamic_standard50,18,42.020,70.280,2.427,console_summary,3
umae200_dynamic_standard50,19,42.860,71.080,2.388,console_summary,3
umae200_dynamic_standard50,20,43.320,71.440,2.365,console_summary,3
umae200_dynamic_standard50,21,43.900,72.100,2.332,console_summary,3
umae200_dynamic_standard50,22,44.240,72.680,2.313,console_summary,3
umae200_dynamic_standard50,23,44.860,73.240,2.280,console_summary,3
umae200_dynamic_standard50,24,45.380,73.340,2.256,console_summary,3
umae200_dynamic_standard50,25,45.580,73.800,2.241,console_summary,3
umae200_dynamic_standard50,26,45.780,74.100,2.227,console_summary,3
umae200_dynamic_standard50,27,46.120,74.360,2.211,console_summary,3
umae200_dynamic_standard50,28,46.180,74.800,2.198,console_summary,3
umae200_dynamic_standard50,29,46.660,75.040,2.186,console_summary,3
umae200_dynamic_standard50,30,46.520,74.920,2.172,console_summary,3
umae200_dynamic_standard50,31,46.820,75.100,2.162,console_summary,3
umae200_dynamic_standard50,32,47.020,75.360,2.149,console_summary,3
umae200_dynamic_standard50,33,47.020,75.480,2.147,console_summary,3
umae200_dynamic_standard50,34,47.040,75.620,2.142,console_summary,3
umae200_dynamic_standard50,35,47.280,75.660,2.136,console_summary,3
umae200_dynamic_standard50,36,47.440,75.840,2.125,console_summary,3
umae200_dynamic_standard50,37,47.520,75.840,2.127,console_summary,3
umae200_dynamic_standard50,38,47.340,75.960,2.120,console_summary,3
umae200_dynamic_standard50,39,47.540,76.080,2.115,console_summary,3
umae200_dynamic_standard50,40,47.500,76.000,2.119,console_summary,3
umae200_dynamic_standard50,41,47.540,76.060,2.112,console_summary,3
umae200_dynamic_standard50,42,47.620,76.160,2.116,console_summary,3
umae200_dynamic_standard50,43,47.540,76.060,2.111,console_summary,3
umae200_dynamic_standard50,44,47.720,76.140,2.112,console_summary,3
umae200_dynamic_standard50,45,47.560,76.040,2.108,console_summary,3
umae200_dynamic_standard50,46,47.680,76.040,2.108,console_summary,3
umae200_dynamic_standard50,47,47.600,76.140,2.108,console_summary,3
umae200_dynamic_standard50,48,47.580,76.180,2.111,console_summary,3
umae200_dynamic_standard50,49,47.560,76.140,2.103,console_summary,3
umae200_dynamic_standard90,0,1.100,5.200,4.635,console_summary,3
umae200_dynamic_standard90,1,3.440,14.040,4.505,console_summary,3
umae200_dynamic_standard90,2,10.720,28.680,4.259,console_summary,3
umae200_dynamic_standard90,3,15.960,38.980,3.954,console_summary,3
umae200_dynamic_standard90,4,21.900,46.940,3.630,console_summary,3
umae200_dynamic_standard90,5,27.340,52.740,3.313,console_summary,3
umae200_dynamic_standard90,6,31.380,57.940,3.030,console_summary,3
umae200_dynamic_standard90,7,35.000,62.260,2.775,console_summary,3
umae200_dynamic_standard90,8,39.360,66.880,2.547,console_summary,3
umae200_dynamic_standard90,9,42.480,71.040,2.351,console_summary,3
umae200_dynamic_standard90,10,45.460,74.020,2.197,console_summary,3
umae200_dynamic_standard90,11,47.340,76.240,2.084,console_summary,3
umae200_dynamic_standard90,12,48.700,77.380,1.999,console_summary,3
umae200_dynamic_standard90,13,50.240,78.400,1.938,console_summary,3
umae200_dynamic_standard90,14,51.120,79.640,1.880,console_summary,3
umae200_dynamic_standard90,15,52.380,80.400,1.839,console_summary,3
umae200_dynamic_standard90,16,52.700,80.820,1.806,console_summary,3
umae200_dynamic_standard90,17,53.680,81.180,1.778,console_summary,3
umae200_dynamic_standard90,18,53.360,81.520,1.759,console_summary,3
umae200_dynamic_standard90,19,54.240,82.020,1.738,console_summary,3
umae200_dynamic_standard90,20,55.040,82.400,1.717,console_summary,3
umae200_dynamic_standard90,21,55.480,82.540,1.697,console_summary,3
umae200_dynamic_standard90,22,55.480,82.760,1.682,console_summary,3
umae200_dynamic_standard90,23,56.020,83.120,1.665,console_summary,3
umae200_dynamic_standard90,24,56.220,83.040,1.661,console_summary,3
umae200_dynamic_standard90,25,56.680,82.980,1.644,console_summary,3
umae200_dynamic_standard90,26,56.260,83.640,1.636,console_summary,3
umae200_dynamic_standard90,27,56.580,83.400,1.634,console_summary,3
umae200_dynamic_standard90,28,57.120,84.060,1.619,console_summary,3
umae200_dynamic_standard90,29,57.500,84.120,1.611,console_summary,3
umae200_dynamic_standard90,30,57.720,84.040,1.604,console_summary,3
umae200_dynamic_standard90,31,57.580,84.260,1.595,console_summary,3
umae200_dynamic_standard90,32,57.760,84.280,1.588,console_summary,3
umae200_dynamic_standard90,33,57.620,84.280,1.586,console_summary,3
umae200_dynamic_standard90,34,58.320,84.240,1.581,console_summary,3
umae200_dynamic_standard90,35,57.960,84.460,1.578,console_summary,3
umae200_dynamic_standard90,36,58.260,84.860,1.568,console_summary,3
umae200_dynamic_standard90,37,58.220,84.720,1.561,console_summary,3
umae200_dynamic_standard90,38,58.580,84.900,1.559,console_summary,3
umae200_dynamic_standard90,39,58.740,84.760,1.554,console_summary,3
umae200_dynamic_standard90,40,58.800,84.680,1.543,console_summary,3
umae200_dynamic_standard90,41,59.100,84.940,1.542,console_summary,3
umae200_dynamic_standard90,42,58.640,84.480,1.548,console_summary,3
umae200_dynamic_standard90,43,59.180,84.820,1.538,console_summary,3
umae200_dynamic_standard90,44,59.020,85.180,1.537,console_summary,3
umae200_dynamic_standard90,45,59.600,85.200,1.532,console_summary,3
umae200_dynamic_standard90,46,59.480,85.320,1.527,console_summary,3
umae200_dynamic_standard90,47,59.500,85.040,1.526,console_summary,3
umae200_dynamic_standard90,48,59.800,85.460,1.520,console_summary,3
umae200_dynamic_standard90,49,59.780,85.220,1.517,console_summary,3
umae200_dynamic_standard90,50,59.640,85.260,1.519,console_summary,3
umae200_dynamic_standard90,51,59.560,85.260,1.518,console_summary,3
umae200_dynamic_standard90,52,60.080,85.580,1.513,console_summary,3
umae200_dynamic_standard90,53,60.020,85.580,1.508,console_summary,3
umae200_dynamic_standard90,54,60.000,84.920,1.511,console_summary,3
umae200_dynamic_standard90,55,59.900,85.820,1.502,console_summary,3
umae200_dynamic_standard90,56,60.180,85.340,1.505,console_summary,3
umae200_dynamic_standard90,57,60.560,85.800,1.497,console_summary,3
umae200_dynamic_standard90,58,60.100,85.500,1.502,console_summary,3
umae200_dynamic_standard90,59,60.320,85.540,1.497,console_summary,3
umae200_dynamic_standard90,60,60.640,85.640,1.493,console_summary,3
umae200_dynamic_standard90,61,60.380,85.800,1.495,console_summary,3
umae200_dynamic_standard90,62,60.520,85.380,1.489,console_summary,3
umae200_dynamic_standard90,63,60.860,85.700,1.484,console_summary,3
umae200_dynamic_standard90,64,60.680,85.880,1.487,console_summary,3
umae200_dynamic_standard90,65,60.800,85.820,1.489,console_summary,3
umae200_dynamic_standard90,66,60.700,85.760,1.486,console_summary,3
umae200_dynamic_standard90,67,60.620,86.080,1.485,console_summary,3
umae200_dynamic_standard90,68,61.180,86.060,1.482,console_summary,3
umae200_dynamic_standard90,69,60.800,86.020,1.481,console_summary,3
umae200_dynamic_standard90,70,60.980,85.720,1.481,console_summary,3
umae200_dynamic_standard90,71,60.920,85.800,1.481,console_summary,3
umae200_dynamic_standard90,72,61.180,85.860,1.479,console_summary,3
umae200_dynamic_standard90,73,61.180,85.880,1.478,console_summary,3
umae200_dynamic_standard90,74,61.020,85.920,1.476,console_summary,3
umae200_dynamic_standard90,75,61.060,85.820,1.478,console_summary,3
umae200_dynamic_standard90,76,61.400,85.860,1.478,console_summary,3
umae200_dynamic_standard90,77,61.300,85.940,1.478,console_summary,3
umae200_dynamic_standard90,78,61.300,86.000,1.476,console_summary,3
umae200_dynamic_standard90,79,61.260,85.900,1.477,console_summary,3
umae200_dynamic_standard90,80,61.420,85.860,1.476,console_summary,3
umae200_dynamic_standard90,81,61.420,85.940,1.477,console_summary,3
umae200_dynamic_standard90,82,61.420,85.920,1.476,console_summary,3
umae200_dynamic_standard90,83,61.420,86.040,1.476,console_summary,3
umae200_dynamic_standard90,84,61.360,86.020,1.477,console_summary,3
umae200_dynamic_standard90,85,61.340,86.040,1.475,console_summary,3
umae200_dynamic_standard90,86,61.440,85.920,1.475,console_summary,3
umae200_dynamic_standard90,87,61.500,86.040,1.475,console_summary,3
umae200_dynamic_standard90,88,61.480,85.920,1.476,console_summary,3
umae200_dynamic_standard90,89,61.500,86.040,1.474,console_summary,3
mae641_dynamic_standard50,0,1.420,6.940,4.603,console_summary,3
mae641_dynamic_standard50,1,3.720,13.940,4.509,console_summary,3
mae641_dynamic_standard50,2,11.520,27.800,4.356,console_summary,3
mae641_dynamic_standard50,3,19.780,40.840,4.156,console_summary,3
mae641_dynamic_standard50,4,25.280,49.500,3.917,console_summary,3
mae641_dynamic_standard50,5,30.080,55.760,3.661,console_summary,3
mae641_dynamic_standard50,6,33.260,59.720,3.412,console_summary,3
mae641_dynamic_standard50,7,35.700,62.480,3.172,console_summary,3
mae641_dynamic_standard50,8,37.520,64.940,2.960,console_summary,3
mae641_dynamic_standard50,9,39.420,66.540,2.780,console_summary,3
mae641_dynamic_standard50,10,40.700,68.440,2.633,console_summary,3
mae641_dynamic_standard50,11,41.640,69.540,2.516,console_summary,3
mae641_dynamic_standard50,12,42.620,71.140,2.418,console_summary,3
mae641_dynamic_standard50,13,43.500,72.080,2.342,console_summary,3
mae641_dynamic_standard50,14,44.320,72.880,2.282,console_summary,3
mae641_dynamic_standard50,15,45.060,73.640,2.224,console_summary,3
mae641_dynamic_standard50,16,45.760,74.440,2.180,console_summary,3
mae641_dynamic_standard50,17,46.400,74.960,2.144,console_summary,3
mae641_dynamic_standard50,18,46.800,75.220,2.111,console_summary,3
mae641_dynamic_standard50,19,47.140,75.780,2.081,console_summary,3
mae641_dynamic_standard50,20,47.320,76.220,2.058,console_summary,3
mae641_dynamic_standard50,21,48.040,76.880,2.031,console_summary,3
mae641_dynamic_standard50,22,48.580,77.000,2.018,console_summary,3
mae641_dynamic_standard50,23,49.140,77.320,1.996,console_summary,3
mae641_dynamic_standard50,24,49.260,77.420,1.980,console_summary,3
mae641_dynamic_standard50,25,49.660,77.780,1.969,console_summary,3
mae641_dynamic_standard50,26,49.900,77.960,1.956,console_summary,3
mae641_dynamic_standard50,27,50.000,78.120,1.944,console_summary,3
mae641_dynamic_standard50,28,50.120,78.340,1.935,console_summary,3
mae641_dynamic_standard50,29,50.440,78.680,1.926,console_summary,3
mae641_dynamic_standard50,30,50.340,78.500,1.918,console_summary,3
mae641_dynamic_standard50,31,50.420,78.680,1.910,console_summary,3
mae641_dynamic_standard50,32,50.660,79.020,1.903,console_summary,3
mae641_dynamic_standard50,33,50.840,78.880,1.898,console_summary,3
mae641_dynamic_standard50,34,50.860,78.980,1.895,console_summary,3
mae641_dynamic_standard50,35,50.980,79.160,1.891,console_summary,3
mae641_dynamic_standard50,36,51.120,79.120,1.884,console_summary,3
mae641_dynamic_standard50,37,50.960,79.240,1.884,console_summary,3
mae641_dynamic_standard50,38,51.100,79.240,1.881,console_summary,3
mae641_dynamic_standard50,39,51.240,79.440,1.877,console_summary,3
mae641_dynamic_standard50,40,51.140,79.300,1.878,console_summary,3
mae641_dynamic_standard50,41,51.240,79.400,1.876,console_summary,3
mae641_dynamic_standard50,42,51.220,79.360,1.876,console_summary,3
mae641_dynamic_standard50,43,51.160,79.460,1.874,console_summary,3
mae641_dynamic_standard50,44,51.300,79.520,1.873,console_summary,3
mae641_dynamic_standard50,45,51.280,79.380,1.872,console_summary,3
mae641_dynamic_standard50,46,51.300,79.540,1.872,console_summary,3
mae641_dynamic_standard50,47,51.340,79.600,1.871,console_summary,3
mae641_dynamic_standard50,48,51.220,79.360,1.874,console_summary,3
mae641_dynamic_standard50,49,51.380,79.600,1.870,console_summary,3
mae641_dynamic_standard90,0,1.340,6.320,4.616,console_summary,3
mae641_dynamic_standard90,1,3.880,14.180,4.502,console_summary,3
mae641_dynamic_standard90,2,15.160,33.960,4.273,console_summary,3
mae641_dynamic_standard90,3,24.240,47.960,3.943,console_summary,3
mae641_dynamic_standard90,4,29.840,56.200,3.549,console_summary,3
mae641_dynamic_standard90,5,34.120,60.940,3.148,console_summary,3
mae641_dynamic_standard90,6,37.900,64.940,2.784,console_summary,3
mae641_dynamic_standard90,7,40.640,68.280,2.481,console_summary,3
mae641_dynamic_standard90,8,43.680,72.360,2.243,console_summary,3
mae641_dynamic_standard90,9,46.880,75.520,2.058,console_summary,3
mae641_dynamic_standard90,10,49.600,77.840,1.932,console_summary,3
mae641_dynamic_standard90,11,51.680,79.480,1.855,console_summary,3
mae641_dynamic_standard90,12,52.780,80.480,1.790,console_summary,3
mae641_dynamic_standard90,13,54.200,81.080,1.746,console_summary,3
mae641_dynamic_standard90,14,54.540,81.640,1.707,console_summary,3
mae641_dynamic_standard90,15,54.840,81.940,1.683,console_summary,3
mae641_dynamic_standard90,16,55.060,82.760,1.663,console_summary,3
mae641_dynamic_standard90,17,55.200,83.000,1.650,console_summary,3
mae641_dynamic_standard90,18,55.800,83.400,1.633,console_summary,3
mae641_dynamic_standard90,19,56.280,83.080,1.621,console_summary,3
mae641_dynamic_standard90,20,56.600,83.540,1.610,console_summary,3
mae641_dynamic_standard90,21,57.040,83.880,1.601,console_summary,3
mae641_dynamic_standard90,22,56.860,83.800,1.596,console_summary,3
mae641_dynamic_standard90,23,57.260,84.040,1.587,console_summary,3
mae641_dynamic_standard90,24,57.160,83.900,1.589,console_summary,3
mae641_dynamic_standard90,25,58.020,83.720,1.573,console_summary,3
mae641_dynamic_standard90,26,57.380,83.980,1.575,console_summary,3
mae641_dynamic_standard90,27,57.840,83.960,1.573,console_summary,3
mae641_dynamic_standard90,28,57.740,83.580,1.569,console_summary,3
mae641_dynamic_standard90,29,57.640,84.000,1.570,console_summary,3
mae641_dynamic_standard90,30,58.120,84.020,1.563,console_summary,3
mae641_dynamic_standard90,31,58.120,84.320,1.558,console_summary,3
mae641_dynamic_standard90,32,58.060,84.020,1.560,console_summary,3
mae641_dynamic_standard90,33,58.320,84.120,1.564,console_summary,3
mae641_dynamic_standard90,34,58.300,84.240,1.557,console_summary,3
mae641_dynamic_standard90,35,58.440,83.960,1.552,console_summary,3
mae641_dynamic_standard90,36,58.180,84.260,1.551,console_summary,3
mae641_dynamic_standard90,37,58.100,84.040,1.552,console_summary,3
mae641_dynamic_standard90,38,58.320,84.040,1.547,console_summary,3
mae641_dynamic_standard90,39,58.120,84.280,1.545,console_summary,3
mae641_dynamic_standard90,40,58.160,84.320,1.545,console_summary,3
mae641_dynamic_standard90,41,58.420,84.540,1.547,console_summary,3
mae641_dynamic_standard90,42,58.480,84.420,1.544,console_summary,3
mae641_dynamic_standard90,43,59.060,84.360,1.536,console_summary,3
mae641_dynamic_standard90,44,58.480,84.460,1.543,console_summary,3
mae641_dynamic_standard90,45,58.420,84.380,1.539,console_summary,3
mae641_dynamic_standard90,46,58.460,84.360,1.538,console_summary,3
mae641_dynamic_standard90,47,58.720,84.500,1.541,console_summary,3
mae641_dynamic_standard90,48,58.520,84.460,1.537,console_summary,3
mae641_dynamic_standard90,49,59.120,84.520,1.537,console_summary,3
mae641_dynamic_standard90,50,58.680,84.540,1.540,console_summary,3
mae641_dynamic_standard90,51,59.000,84.820,1.534,console_summary,3
mae641_dynamic_standard90,52,58.680,84.720,1.531,console_summary,3
mae641_dynamic_standard90,53,58.680,84.460,1.541,console_summary,3
mae641_dynamic_standard90,54,58.720,84.300,1.536,console_summary,3
mae641_dynamic_standard90,55,58.880,84.620,1.531,console_summary,3
mae641_dynamic_standard90,56,58.460,84.660,1.534,console_summary,3
mae641_dynamic_standard90,57,58.860,84.760,1.530,console_summary,3
mae641_dynamic_standard90,58,58.940,84.660,1.531,console_summary,3
mae641_dynamic_standard90,59,58.840,84.680,1.533,console_summary,3
mae641_dynamic_standard90,60,59.000,84.420,1.531,console_summary,3
mae641_dynamic_standard90,61,58.700,84.720,1.531,console_summary,3
mae641_dynamic_standard90,62,58.760,84.540,1.530,console_summary,3
mae641_dynamic_standard90,63,58.620,84.480,1.527,console_summary,3
mae641_dynamic_standard90,64,58.660,84.840,1.529,console_summary,3
mae641_dynamic_standard90,65,58.720,84.620,1.531,console_summary,3
mae641_dynamic_standard90,66,58.680,84.620,1.531,console_summary,3
mae641_dynamic_standard90,67,58.820,84.600,1.531,console_summary,3
mae641_dynamic_standard90,68,58.640,84.640,1.529,console_summary,3
mae641_dynamic_standard90,69,58.840,84.660,1.527,console_summary,3
mae641_dynamic_standard90,70,58.700,84.880,1.527,console_summary,3
mae641_dynamic_standard90,71,58.860,84.740,1.527,console_summary,3
mae641_dynamic_standard90,72,58.920,84.660,1.526,console_summary,3
mae641_dynamic_standard90,73,59.040,84.680,1.526,console_summary,3
mae641_dynamic_standard90,74,59.020,84.800,1.526,console_summary,3
mae641_dynamic_standard90,75,58.980,84.800,1.526,console_summary,3
mae641_dynamic_standard90,76,58.940,84.720,1.525,console_summary,3
mae641_dynamic_standard90,77,59.020,84.860,1.523,console_summary,3
mae641_dynamic_standard90,78,59.180,84.840,1.523,console_summary,3
mae641_dynamic_standard90,79,59.200,84.900,1.524,console_summary,3
mae641_dynamic_standard90,80,59.080,84.860,1.523,console_summary,3
mae641_dynamic_standard90,81,58.920,84.820,1.525,console_summary,3
mae641_dynamic_standard90,82,59.040,84.840,1.525,console_summary,3
mae641_dynamic_standard90,83,59.040,84.820,1.524,console_summary,3
mae641_dynamic_standard90,84,59.080,84.780,1.525,console_summary,3
mae641_dynamic_standard90,85,58.980,84.740,1.524,console_summary,3
mae641_dynamic_standard90,86,59.060,84.760,1.524,console_summary,3
mae641_dynamic_standard90,87,59.000,84.780,1.523,console_summary,3
mae641_dynamic_standard90,88,59.000,84.820,1.523,console_summary,3
mae641_dynamic_standard90,89,59.120,84.760,1.523,console_summary,3
main_dynamic_no_geom50,0,1.280,6.500,4.604,console_summary,3
main_dynamic_no_geom50,1,4.380,14.680,4.478,console_summary,3
main_dynamic_no_geom50,2,9.460,27.420,4.293,console_summary,3
main_dynamic_no_geom50,3,13.520,36.460,4.085,console_summary,3
main_dynamic_no_geom50,4,18.100,42.660,3.877,console_summary,3
main_dynamic_no_geom50,5,21.380,46.340,3.683,console_summary,3
main_dynamic_no_geom50,6,23.880,49.600,3.517,console_summary,3
main_dynamic_no_geom50,7,25.380,52.440,3.370,console_summary,3
main_dynamic_no_geom50,8,27.380,54.260,3.239,console_summary,3
main_dynamic_no_geom50,9,28.860,56.180,3.129,console_summary,3
main_dynamic_no_geom50,10,30.500,57.620,3.034,console_summary,3
main_dynamic_no_geom50,11,31.480,59.060,2.954,console_summary,3
main_dynamic_no_geom50,12,32.760,60.440,2.887,console_summary,3
main_dynamic_no_geom50,13,33.660,61.880,2.827,console_summary,3
main_dynamic_no_geom50,14,34.500,62.680,2.780,console_summary,3
main_dynamic_no_geom50,15,35.100,63.480,2.730,console_summary,3
main_dynamic_no_geom50,16,35.580,64.440,2.695,console_summary,3
main_dynamic_no_geom50,17,36.340,64.880,2.660,console_summary,3
main_dynamic_no_geom50,18,36.640,65.740,2.628,console_summary,3
main_dynamic_no_geom50,19,37.640,66.020,2.599,console_summary,3
main_dynamic_no_geom50,20,37.940,66.600,2.575,console_summary,3
main_dynamic_no_geom50,21,38.200,66.960,2.549,console_summary,3
main_dynamic_no_geom50,22,38.680,67.580,2.533,console_summary,3
main_dynamic_no_geom50,23,38.900,67.700,2.506,console_summary,3
main_dynamic_no_geom50,24,39.140,68.280,2.490,console_summary,3
main_dynamic_no_geom50,25,39.360,68.660,2.476,console_summary,3
main_dynamic_no_geom50,26,39.560,68.700,2.463,console_summary,3
main_dynamic_no_geom50,27,40.300,69.260,2.449,console_summary,3
main_dynamic_no_geom50,28,40.420,69.460,2.436,console_summary,3
main_dynamic_no_geom50,29,40.620,69.660,2.428,console_summary,3
main_dynamic_no_geom50,30,40.720,69.880,2.415,console_summary,3
main_dynamic_no_geom50,31,40.940,70.080,2.407,console_summary,3
main_dynamic_no_geom50,32,41.000,70.100,2.398,console_summary,3
main_dynamic_no_geom50,33,41.320,70.240,2.394,console_summary,3
main_dynamic_no_geom50,34,41.360,70.520,2.386,console_summary,3
main_dynamic_no_geom50,35,41.360,70.600,2.384,console_summary,3
main_dynamic_no_geom50,36,41.720,70.680,2.377,console_summary,3
main_dynamic_no_geom50,37,41.700,70.840,2.375,console_summary,3
main_dynamic_no_geom50,38,41.840,70.860,2.373,console_summary,3
main_dynamic_no_geom50,39,41.900,70.980,2.367,console_summary,3
main_dynamic_no_geom50,40,41.820,70.900,2.367,console_summary,3
main_dynamic_no_geom50,41,41.720,70.920,2.362,console_summary,3
main_dynamic_no_geom50,42,41.980,71.060,2.366,console_summary,3
main_dynamic_no_geom50,43,42.100,71.140,2.360,console_summary,3
main_dynamic_no_geom50,44,42.000,71.040,2.361,console_summary,3
main_dynamic_no_geom50,45,41.880,71.120,2.357,console_summary,3
main_dynamic_no_geom50,46,41.840,70.800,2.359,console_summary,3
main_dynamic_no_geom50,47,42.040,71.100,2.360,console_summary,3
main_dynamic_no_geom50,48,41.680,70.900,2.361,console_summary,3
main_dynamic_no_geom50,49,41.980,71.060,2.357,console_summary,3
main_static_no_geom50,0,1.140,5.560,4.622,console_summary,3
main_static_no_geom50,1,2.560,9.860,4.554,console_summary,3
main_static_no_geom50,2,5.160,16.420,4.455,console_summary,3
main_static_no_geom50,3,7.320,21.600,4.345,console_summary,3
main_static_no_geom50,4,9.320,25.980,4.235,console_summary,3
main_static_no_geom50,5,11.000,29.100,4.129,console_summary,3
main_static_no_geom50,6,13.220,32.140,4.034,console_summary,3
main_static_no_geom50,7,14.220,34.500,3.947,console_summary,3
main_static_no_geom50,8,16.080,36.440,3.862,console_summary,3
main_static_no_geom50,9,16.680,38.380,3.786,console_summary,3
main_static_no_geom50,10,17.580,40.240,3.715,console_summary,3
main_static_no_geom50,11,18.480,41.980,3.653,console_summary,3
main_static_no_geom50,12,19.340,43.360,3.602,console_summary,3
main_static_no_geom50,13,19.880,44.320,3.555,console_summary,3
main_static_no_geom50,14,20.280,45.320,3.513,console_summary,3
main_static_no_geom50,15,20.940,46.060,3.475,console_summary,3
main_static_no_geom50,16,21.800,47.000,3.444,console_summary,3
main_static_no_geom50,17,22.220,47.340,3.413,console_summary,3
main_static_no_geom50,18,22.520,47.920,3.386,console_summary,3
main_static_no_geom50,19,23.040,48.460,3.361,console_summary,3
main_static_no_geom50,20,23.320,48.940,3.339,console_summary,3
main_static_no_geom50,21,23.780,49.500,3.319,console_summary,3
main_static_no_geom50,22,23.880,50.040,3.301,console_summary,3
main_static_no_geom50,23,24.260,50.260,3.279,console_summary,3
main_static_no_geom50,24,24.500,50.580,3.263,console_summary,3
main_static_no_geom50,25,24.480,50.720,3.251,console_summary,3
main_static_no_geom50,26,24.780,50.880,3.240,console_summary,3
main_static_no_geom50,27,25.080,51.460,3.227,console_summary,3
main_static_no_geom50,28,25.160,51.220,3.216,console_summary,3
main_static_no_geom50,29,25.240,51.400,3.209,console_summary,3
main_static_no_geom50,30,25.460,52.040,3.198,console_summary,3
main_static_no_geom50,31,25.420,52.000,3.190,console_summary,3
main_static_no_geom50,32,25.520,52.200,3.181,console_summary,3
main_static_no_geom50,33,25.940,51.980,3.177,console_summary,3
main_static_no_geom50,34,25.840,52.520,3.170,console_summary,3
main_static_no_geom50,35,25.760,52.580,3.168,console_summary,3
main_static_no_geom50,36,26.040,52.360,3.164,console_summary,3
main_static_no_geom50,37,26.020,52.740,3.160,console_summary,3
main_static_no_geom50,38,25.960,52.780,3.159,console_summary,3
main_static_no_geom50,39,26.120,52.900,3.155,console_summary,3
main_static_no_geom50,40,26.200,53.100,3.152,console_summary,3
main_static_no_geom50,41,26.200,53.100,3.149,console_summary,3
main_static_no_geom50,42,26.160,53.060,3.151,console_summary,3
main_static_no_geom50,43,26.140,53.080,3.147,console_summary,3
main_static_no_geom50,44,26.300,52.980,3.148,console_summary,3
main_static_no_geom50,45,26.120,53.140,3.145,console_summary,3
main_static_no_geom50,46,26.200,53.200,3.148,console_summary,3
main_static_no_geom50,47,26.100,53.200,3.146,console_summary,3
main_static_no_geom50,48,26.200,53.320,3.148,console_summary,3
main_static_no_geom50,49,26.220,53.280,3.147,console_summary,3
