activation,k_label,rho,alpha,d,beta,lambda_r,n_seeds,complete_30_seeds,cosine_abs_mean,cosine_abs_sd,probe_test_accuracy_mean,probe_test_accuracy_sd,probe_train_accuracy_mean,probe_train_accuracy_sd,probe_test_loss_mean,probe_test_loss_sd,probe_train_loss_mean,probe_train_loss_sd,overlap_mean,overlap_sd,R_mean,R_sd,S_gamma_mean,S_gamma_sd,pretrain_train_loss_mean,pretrain_train_loss_sd,pretrain_test_loss_mean,pretrain_test_loss_sd,train_loss_per_sample_mean,train_loss_per_sample_sd,test_loss_per_sample_mean,test_loss_per_sample_sd,train_centered_loss_per_sample_mean,train_centered_loss_per_sample_sd,test_centered_loss_per_sample_mean,test_centered_loss_per_sample_sd,train_gain_mean,train_gain_sd,test_gain_mean,test_gain_sd,train_relative_gain_mean,train_relative_gain_sd,test_relative_gain_mean,test_relative_gain_sd,k_views,num_seeds,probe_test_accuracy_std
linear,2,0.05,8.0,2000,1.0,0.0001,30,True,0.06804363517938597,0.040991752078952115,0.5122499962647756,0.01914540591340103,0.5373333334922791,0.042339628426829395,0.6969770848751068,0.007794791114747452,0.6850350658098857,0.009149981980539401,-0.012815612616638343,0.09493092752875806,1.4153518756230672,0.013706883997777284,1.8059213638305665,0.023643743911359077,0.9956262580526789,0.011208925904049753,0.9978947729151091,0.011565751113844568,99.56938121871949,1.1079802597531598,99.77703624852498,1.14422475557292,-0.13127078323364355,0.0016027268271485687,0.11938964207967122,0.008411220106483,2.625415664672871,0.032054536542971364,-2.3877928415934244,0.16822440212966003,2.633384251930145,0.025369737903489006,-2.3960560502308916,0.16781794834625108,2,30,0.01914540591340103
linear,2,0.1,8.0,2000,1.0,0.0001,30,True,0.3750953851569181,0.1279819045315519,0.5918433338403701,0.060512028061933856,0.6106666624546051,0.07606410019043142,0.664469838142395,0.023198990269627063,0.6399542649586996,0.05431687328018269,-0.10397279784083366,0.3948955791373189,1.0292832712332407,0.014754915963854882,1.2532826662063599,0.05622756717068226,0.9962126335583914,0.011375903311339839,0.9973540127379212,0.011621838018493228,199.252776268514,2.2742584207999212,199.47908177922568,2.3168106592217868,-0.14296208597818816,0.0024673770687866285,0.10127956568400162,0.01603808966547012,1.4296208597818816,0.024673770687866282,-1.0127956568400163,0.16038089665470118,1.4341280369335019,0.029492625714412683,-1.015005567497577,0.15443618060007427,2,30,0.060512028061933856
linear,2,0.2,8.0,2000,1.0,0.0001,30,True,0.7250565512491595,0.023005906758822463,0.6967299997806549,0.00939754455652987,0.7033333301544189,0.055543285840829,0.5785075664520264,0.01548868126490094,0.5617217560609181,0.05537723971095853,-0.004363399744033813,0.6788611252623664,0.8447739104429881,0.010545643393206154,0.8736667235692342,0.023336858029605292,0.9964094007100739,0.011389539020297079,0.9969349038711395,0.011387335539889432,398.56675205891923,4.561958879157854,398.78912670173645,4.532233792244071,-0.18194356282553054,0.005136211737230403,0.02460427335103935,0.011325329182139276,0.9097178141276526,0.025681058686152017,-0.12302136675519675,0.056626645910696376,0.912827407184628,0.032206230624507365,-0.12306640232401615,0.055990377782840564,2,30,0.00939754455652987
linear,2,0.3,8.0,2000,1.0,0.0001,30,True,0.7976562863400866,0.015982042324886668,0.7164233307043711,0.008231253801984821,0.7253333369890849,0.05083667439302405,0.5546381533145904,0.018581021575248793,0.5333447674910228,0.05943493641772382,-0.04132121205329895,0.738938861421224,0.8305791874726614,0.011236448048254535,0.809724094470342,0.014653529924608952,0.996487047682978,0.011382730126073963,0.9968167564739787,0.011374545400375979,597.908961412557,6.816659454825267,598.1314074438571,6.809954839884169,-0.2239364064534544,0.005929083463239587,-0.014999652496969792,0.015048813702859733,0.7464546881781814,0.019763611544131955,0.04999884165656598,0.05016271234286578,0.7490172311108564,0.026148160299896858,0.05049946778956649,0.05053172555216034,2,30,0.008231253801984821
linear,2,0.4,8.0,2000,1.0,0.0001,30,True,0.8279874938934364,0.012676035190514336,0.7256666600704194,0.007825830504834227,0.7293333311875662,0.053879387959428704,0.5450327475865682,0.028342454016163136,0.520591511329015,0.06408738571390091,0.05588979125022888,0.7788004887571003,0.8582856674989064,0.014899873046596644,0.8064318676789601,0.01429067770965512,0.9965065798762689,0.011340300446651122,0.9967667737938956,0.01141077572163794,797.210538416036,9.056093258482177,797.4616601932526,9.120292215144897,-0.25781083526611714,0.00880549856964741,-0.04315022341411095,0.014954830440532566,0.6445270881652928,0.02201374642411852,0.10787555853527737,0.037387076101331414,0.6467711452526892,0.026421306883087088,0.10847828471680643,0.03812132536455749,2,30,0.007825830504834227
linear,2,0.5,8.0,2000,1.0,0.0001,30,True,0.8421767681291288,0.011583653594089399,0.7298899988333384,0.00785420347346139,0.7420000036557516,0.04737232614627807,0.5372845153013865,0.019907656408881334,0.5160930285851161,0.0589757310673048,0.0011984527111053467,0.8175130395337855,0.9093667904535929,0.01758698816984341,0.8357623378435771,0.014228452887755934,0.9965567210720677,0.011353669995846045,0.9967705137352776,0.01139058302320855,996.5492746317545,11.356643326235252,996.8092882797877,11.37776496855525,-0.28150518595377605,0.009497761046019609,-0.0594144545873045,0.016222926933619763,0.5630103719075521,0.018995522092039217,0.118828909174609,0.03244585386723953,0.5649621755745867,0.022605244506636327,0.11943946168981127,0.03330983230125268,2,30,0.00785420347346139
linear,2,0.6,8.0,2000,1.0,0.0001,30,True,0.847199936105435,0.010718640591809403,0.7313199996948242,0.00824953611123786,0.7410000006357829,0.04588966817350187,0.5345270574092865,0.020491818117894064,0.5103299150864283,0.06069868978382275,0.056271419922510786,0.8528998586413761,0.9824437737464905,0.020219189957578185,0.8852320512135824,0.015666832649356203,0.9965641335824896,0.011351573740582658,0.9967505261226917,0.011382500227538324,1195.8741654673258,13.62308139048957,1196.1251653350193,13.635608328137883,-0.29147860819497146,0.010471002860556917,-0.06404221706390381,0.017831619371729935,0.48579768032495246,0.01745167143426153,0.10673702843983969,0.029719365619549895,0.48751133840908195,0.02082329353202897,0.10730286217472962,0.030570688656407687,2,30,0.00824953611123786
linear,2,0.7,8.0,2000,1.0,0.0001,30,True,0.8434389258877806,0.011163654991173284,0.7313466687997182,0.007709676286896403,0.7450000007947286,0.04868972632536955,0.5358679950237274,0.02630129023284851,0.5119962165753047,0.06419929587380638,-0.006585613886515299,0.8938763614570246,1.083761982123057,0.024815951949123064,0.965671980381012,0.01431761735080865,0.9965962047632279,0.011346421999159702,0.9967903547888264,0.011346886650816615,1395.2297570088704,15.894747877667838,1395.5546985336305,15.879851675956166,-0.2851384338378984,0.010174395774030247,-0.05414547678630333,0.015496387071937163,0.4073406197684263,0.014534851105757494,0.07735068112329048,0.02213769581705309,0.4087770918913251,0.01728404817165342,0.07777562309804568,0.022846448938165,2,30,0.007709676286896403
linear,2,0.8,8.0,2000,1.0,0.0001,30,True,0.8260436369271458,0.014002015289269695,0.7278266648451487,0.008234325278987679,0.7416666686534882,0.054777499359985854,0.5401267270247142,0.020364359485279836,0.5157987872759501,0.06503905512388428,-0.01777540842692057,0.9327363599539564,1.229954214890798,0.03362458740243032,1.0988880554835,0.01851451562072327,0.9966384962629704,0.011354678107368522,0.9968141351315324,0.011331110213132744,1594.6364782282512,18.172305636294627,1594.920278805558,18.11965122937695,-0.25687418060303513,0.010766681080088537,-0.020738121525462096,0.01632278024540643,0.3210927257537939,0.013458351350110672,0.025922651906827618,0.020403475306758036,0.3222346679617368,0.015618125058923085,0.02612446295333637,0.020668321423285934,2,30,0.008234325278987679
linear,2,0.9,8.0,2000,1.0,0.0001,30,True,0.7655978130034922,0.020042142941624232,0.7128500044345856,0.008819640087216864,0.7343333343664805,0.05612075916232538,0.5602553069591523,0.01541431185064299,0.5404561132192611,0.06189207669749043,-0.08269249200820923,0.9486984212970665,1.4905574838320415,0.04413796538648697,1.3957531094551086,0.025030662753838237,0.9966927878456109,0.011354188620659615,0.9968391456475357,0.011313087111161425,1794.068453869629,20.450392794215816,1794.3148814281465,20.35486141585446,-0.20070303141279922,0.006831345691894856,0.040079084396362305,0.01387951177982524,0.22300336823644357,0.007590384102105396,-0.04453231599595812,0.015421679755361378,0.22377001871452715,0.008747091049920002,-0.04458091208496088,0.015194366373723863,2,30,0.008819640087216864
linear,2,0.95,8.0,2000,1.0,0.0001,30,True,0.6325051861196721,0.054653297142944875,0.6775799969832103,0.01690937863761014,0.6896666646003723,0.05473972261856656,0.6004334012667338,0.02051773979746485,0.5845609585444133,0.04980428250758879,0.09754480123519897,0.8641475931537852,1.8006770213445027,0.053543268829396556,1.8579481800397237,0.043120011012612,0.9967161841055346,0.011357526283992272,0.9968572110426874,0.011305920672487528,1893.770188583374,21.579477391152714,1894.0297339179992,21.47703762657592,-0.16084865620930214,0.004724174215280201,0.09288938674925205,0.015103714618438738,0.16931437495716015,0.004972814963452844,-0.09777830184131796,0.015898646966777615,0.16988905957197412,0.00570219728258995,-0.09799921102510527,0.015270096992013378,2,30,0.01690937863761014
linear,4,0.05,8.0,2000,1.0,0.0001,30,True,0.2719032252194458,0.16308656597458898,0.5706200023492177,0.05147268130443449,0.5766666650772094,0.06423735077937792,0.6743017613887787,0.020163894850428736,0.6664824426174164,0.03567161130230361,0.03104534192631642,0.31935622975035693,0.9938768804073334,0.010260124460017735,1.240318500995636,0.055491107494429794,0.9962181386210838,0.011268246207220665,0.9972235187074958,0.011599354878977695,99.62676734161377,1.1193495748011086,99.7099173140208,1.1474659668141651,-0.07518104909261117,0.0009833492912303206,0.05227070757547966,0.008619094654630387,1.5036209818522233,0.019666985824606405,-1.0454141515095932,0.1723818930926077,1.508194443181532,0.018562545576462954,-1.0481623748486306,0.167487212665936,4,30,0.05147268130443449
linear,4,0.1,8.0,2000,1.0,0.0001,30,True,0.6935811631054817,0.04371896664070973,0.6875133375326793,0.01520673627242512,0.6993333419164022,0.051120775414290956,0.5872969051202138,0.01909123858578445,0.571353038152059,0.0509570395300499,-0.0780833343664805,0.624201289019893,0.7899667819341024,0.00946742900832021,0.8431363344192505,0.025740134784342717,0.996445824467244,0.011363634007726142,0.9969286942777945,0.011593417030657535,199.2903957707723,2.270034617127677,199.3940153709094,2.3111836562420724,-0.09913851470947169,0.0026772421194322118,0.01621315736771115,0.007210344378010794,0.9913851470947168,0.026772421194322105,-0.16213157367711148,0.07210344378010794,0.9946891364378615,0.03392696256299778,-0.1622094756589624,0.07155163254626004,4,30,0.01520673627242512
linear,4,0.2,8.0,2000,1.0,0.0001,30,True,0.8158121579483089,0.012279045910840293,0.7207533339659373,0.007533544775526274,0.7310000061988831,0.05121624279352746,0.5484951913356781,0.013215018303272546,0.5265343715747197,0.05918900299247586,0.08865257898966471,0.7088052176031552,0.7402145107587178,0.01211693008861815,0.7145557105541229,0.011548079463076224,0.9965568153836114,0.011374620529026208,0.9968062897603945,0.01138076334087184,398.62141934509276,4.545000797695585,398.7376792515437,4.529610994395183,-0.15171859436034768,0.005380262655906522,-0.02684317684173972,0.007344997417362084,0.7585929718017383,0.026901313279532612,0.1342158842086986,0.036724987086810414,0.7611952155582044,0.03279776226752008,0.13485510064266867,0.03754080299309267,4,30,0.007533544775526274
linear,4,0.3,8.0,2000,1.0,0.0001,30,True,0.847721213265232,0.011303446746019413,0.729613333940506,0.007276259384999107,0.7399999996026357,0.05071896214039588,0.5370592296123504,0.01583147476675605,0.5113741864760717,0.05998137643841538,0.15274567206700643,0.7361029650341093,0.7600901544094085,0.012622190397129182,0.7093191385269165,0.011406939950014551,0.9965345116672834,0.011369223737605993,0.9967505462103615,0.011372217314449935,597.916279884847,6.818770301117426,598.0916786210378,6.808563633651931,-0.19891935017903645,0.006590510609728749,-0.05472847531636944,0.012335885573074525,0.6630645005967882,0.02196836869909582,0.1824282510545648,0.04111961857691508,0.6653902775324813,0.02747086914725575,0.18330509457794206,0.042537229279391686,4,30,0.007276259384999107
linear,4,0.4,8.0,2000,1.0,0.0001,30,True,0.8617190966689424,0.009949884720585554,0.7339633345603943,0.006679794960679484,0.7476666649182637,0.0492483727286328,0.5322296182314555,0.025613946980063897,0.5079971194267273,0.06247441728034423,0.05328733722368876,0.7840832820974137,0.8029837707678477,0.015283133884609822,0.7309259295463562,0.011373359229525612,0.9965726572436172,0.011344228604562709,0.9967262503335041,0.011410183619069349,797.2502447606405,9.070375958641234,797.4292391025543,9.119785811509198,-0.23653417816160557,0.008603362473503535,-0.07557131411234538,0.01346711034654871,0.591335445404014,0.021508406183758835,0.18892828528086344,0.03366777586637178,0.5934043110937074,0.025914544790863008,0.189780939627604,0.03509087812585899,4,30,0.006679794960679484
linear,4,0.5,8.0,2000,1.0,0.0001,30,True,0.8686789728523123,0.009052043635612952,0.7358866631984711,0.0070403171781521345,0.7463333368301391,0.046348250856108573,0.5277813891569774,0.020880374638798462,0.5053725967804591,0.06125878676450462,0.004746866226196289,0.8207195200554028,0.8616672535737355,0.017724012812321086,0.7700212438901265,0.011491658929044735,0.9966006883662756,0.011362184448420274,0.9967412059275844,0.011390059282785284,996.595795026652,11.354240724765052,996.7799792475382,11.377233693406403,-0.262123755900069,0.00969061998835408,-0.08872348683675518,0.014705911121650895,0.524247511800138,0.01938123997670816,0.17744697367351037,0.02941182224330179,0.5260807597875505,0.023207491852641697,0.1782377528337431,0.030835074747401044,4,30,0.0070403171781521345
linear,4,0.6,8.0,2000,1.0,0.0001,30,True,0.8716042551812666,0.008652756780701064,0.7381266673405965,0.007384277579172364,0.7520000000794729,0.049228532098217044,0.5260422001282374,0.02228886559425689,0.50038307706515,0.063952938724804,0.11329305171966553,0.8508700629984108,0.9366599837938945,0.020958088905239296,0.823302976290385,0.014273089708513612,0.9966012532091301,0.011355978795880592,0.996726406301397,0.011381811066490836,1195.9099686869304,13.620860114108524,1196.096221007665,13.634785691382604,-0.27256734822590367,0.010683042183895403,-0.09298654441833497,0.016414140652967736,0.4542789137098395,0.017805070306492334,0.15497757403055828,0.027356901088279564,0.45588736417612924,0.020996207323926947,0.15568850612750484,0.02865776013463788,4,30,0.007384277579172364
linear,4,0.7,8.0,2000,1.0,0.0001,30,True,0.8695130486782626,0.008371374536231529,0.7390099982420604,0.007075179308452908,0.751666663090388,0.0468367151793745,0.5239609708388646,0.01978718920371896,0.5029543578624726,0.06181954854666616,-0.008765268325805663,0.8999980684538128,1.0341139117876688,0.024003433165519703,0.8955816129843394,0.015453594251123134,0.9966350223412995,0.011357000432505001,0.9967684399087939,0.011346353244873491,1395.283170189921,15.89926351481254,1395.5240166889191,15.879109506863735,-0.26415549367268104,0.01023368978505636,-0.08482732149761481,0.014796359733332378,0.3773649909609729,0.014619556835794804,0.12118188785373545,0.0211376567619034,0.37869856554634634,0.017263738952278024,0.1217385317293281,0.02217971623457273,4,30,0.007075179308452908
linear,4,0.8,8.0,2000,1.0,0.0001,30,True,0.8592443908792495,0.009930721289572618,0.7379066646099091,0.007704544080047214,0.7526666641235351,0.05387938022832122,0.5262129863103231,0.018225522906589048,0.5028517643610636,0.06401437345224932,-0.007857970396677653,0.9444173242670298,1.1656488617261251,0.0316612910049016,1.0026667396227518,0.019037112908880525,0.9966711966121182,0.011356384471394674,0.9967911420567883,0.01133091508090479,1594.6748505569458,18.167685210884468,1594.8834894407908,18.11933585216988,-0.23103355763752478,0.010275219328940235,-0.057527486292521156,0.014938871489276763,0.288791947046906,0.012844024161175296,0.07190935786565145,0.018673589361595952,0.28982283909476286,0.01483128557365202,0.07225838386986094,0.0191985801094884,4,30,0.007704544080047214
linear,4,0.9,8.0,2000,1.0,0.0001,30,True,0.8253683866595067,0.013269652197661014,0.7298133313655853,0.008716363650552705,0.7416666646798452,0.05298557234375558,0.5368323564529419,0.016077568936296936,0.5139530440171559,0.06217891831392859,-0.011173764864603678,0.9861868486777667,1.3767204682032268,0.04409579991576644,1.2065002838770549,0.02489441985798666,0.9967280941831604,0.011365291028633373,0.9968113640244096,0.011312537461478029,1794.1146774241129,20.46252599812522,1794.2648742876688,20.35386343891664,-0.1654617685953776,0.0075425642512558485,-0.009928056081112784,0.011040059225900541,0.18384640955041956,0.008380626945839829,0.01103117342345865,0.012266732473222823,0.18449873799493885,0.009554587889844588,0.01115450756093613,0.012391968791721296,4,30,0.008716363650552705
linear,4,0.95,8.0,2000,1.0,0.0001,30,True,0.7587768160834786,0.0242285053373215,0.7129000027974447,0.01037220999255034,0.7316666722297669,0.0549660280247997,0.559078182776769,0.015783636787243337,0.5330111881097158,0.05776156777010115,0.24420381983121237,0.9443382596001724,1.5928138017654419,0.05261455670509031,1.4768954356511435,0.02567808269893461,0.9967504315237596,0.01136101276912034,0.996822343345353,0.011303452138632,1893.823209540812,21.590776589447145,1893.9634852324805,21.472344439773646,-0.11649306335450771,0.004876499693808308,0.026640701230374784,0.008366390658959635,0.12262427721527128,0.0051331575724298,-0.028042843400394514,0.008806727009431194,0.12305588169260566,0.005875741292896119,-0.028086071652833056,0.008652575174841857,4,30,0.01037220999255034
linear,8,0.05,8.0,2000,1.0,0.0001,30,True,0.6755569436892328,0.0400377820473161,0.6828300019105276,0.013542530155716019,0.6899999996026357,0.04863658938225806,0.5944477220376333,0.014324375109145296,0.5747813125451405,0.055019643244329425,-0.039030975103378295,0.601784358249524,0.7654625336329143,0.006620040918597272,0.8309029817581177,0.024443190878096634,0.996287024738508,0.011332431818848148,0.9968016367401141,0.011582566788390147,99.63131951586405,1.1361734582505831,99.66773591378927,1.145918616727693,-0.05159032198588102,0.0013416045868720318,0.010089307343959809,0.005333159392559514,1.0318064397176203,0.026832091737440642,-0.20178614687919616,0.10666318785119028,1.0352711951757243,0.031188933097673833,-0.2018744740588089,0.10610893375984251,8,30,0.013542530155716019
linear,8,0.1,8.0,2000,1.0,0.0001,30,True,0.8038980112301607,0.016786295492797827,0.7163033366203309,0.00917565782717382,0.735666670401891,0.05367098659459502,0.5537946820259094,0.014777738959640236,0.5273488849401474,0.0600770580891312,0.04493200381596883,0.6799467634175058,0.6931293308734894,0.008866313654348553,0.683468629916509,0.012163345224760126,0.9964302888694552,0.011392923599534236,0.9967870550262428,0.01158551996758237,199.28566683146158,2.2782672091746243,199.36568640491564,2.3096065824800105,-0.08150075480143132,0.0025262553504764086,-0.012115808626018892,0.005517698807559214,0.8150075480143132,0.02526255350476409,0.12115808626018891,0.05517698807559213,0.81785387695222,0.031515632824301615,0.1218236857320069,0.05624922917293461,8,30,0.00917565782717382
linear,8,0.2,8.0,2000,1.0,0.0001,30,True,0.8558323954166316,0.010073495445544927,0.7299900054931641,0.007099121208876158,0.7503333350022634,0.0496528178693202,0.5357311586538951,0.01601491589450848,0.5120218346516291,0.06378439690425255,0.1830217440923055,0.7003744995032093,0.6920776446660359,0.011410967493206886,0.6464383045832316,0.009754076830211064,0.9965108495666866,0.011385374624045156,0.9967581228201206,0.01138059314552045,398.60353872706094,4.556892272541222,398.71841169141135,4.529540245061883,-0.13798672866821288,0.004848339365974297,-0.046110736974080406,0.0070484151911107676,0.6899336433410644,0.024241696829871477,0.230553684870402,0.03524207595555383,0.6923388848421252,0.02919311251747692,0.2314995857280492,0.036757062580240224,8,30,0.007099121208876158
linear,8,0.3,8.0,2000,1.0,0.0001,30,True,0.8711706022831793,0.0089803107832612,0.7352233310540517,0.007490580714352081,0.7506666640440623,0.04502361540159629,0.5292579293251037,0.017011153978786504,0.5038201461235682,0.06356172104935039,0.05211785038312276,0.753738081384877,0.7261897126833597,0.01250649370015039,0.6620905021826426,0.010901211457753964,0.9964955653720761,0.011387031797287618,0.9967228208163332,0.011371264259385932,597.8978736262004,6.8311887980644,598.0750421480815,6.807983314863629,-0.18672306162516664,0.006637721363066001,-0.07136494827270508,0.011332324757503605,0.6224102054172221,0.022125737876886677,0.23788316090901693,0.03777441585834535,0.6246191252721337,0.026820655827726813,0.23891763523684606,0.03965658384992538,8,30,0.007490580714352081
linear,8,0.4,8.0,2000,1.0,0.0001,30,True,0.8782271753776785,0.008371256181663945,0.737636665503184,0.007538881440110574,0.7563333312670389,0.044059777391919,0.5258850733439128,0.021122591882288322,0.5011974881092708,0.0642960131201043,-0.00024243593215942383,0.787328041358432,0.7759086231390635,0.014726626814973857,0.6942794839541118,0.011539154966092922,0.9965535954335096,0.011362319939176555,0.9967078361329156,0.01140957394680715,797.2434540308634,9.080599934436705,797.4145067769368,9.119291053503067,-0.2259051895141679,0.008478111260285791,-0.09030363972982935,0.013555837772623152,0.5647629737854197,0.021195278150714477,0.22575909932457336,0.03388959443155788,0.5667572451636627,0.02543084861543746,0.22671795943212114,0.035510146607707606,8,30,0.007538881440110574
linear,8,0.5,8.0,2000,1.0,0.0001,30,True,0.8815689211165683,0.007797171588652083,0.7394533336162568,0.007400081995752874,0.7536666631698609,0.04295010871007594,0.523090198636055,0.019858426610658526,0.4983959356943766,0.06338035262201452,0.05627683599789937,0.8192265441192274,0.8377364118893941,0.017772043954869858,0.7380820671717326,0.01279252881901643,0.9965776935481757,0.011362099790549187,0.9967278456101583,0.011390160885623215,996.5871092854818,11.349387173318792,996.7666183921814,11.377333882379775,-0.25246444498698695,0.009842025541584755,-0.10208434219359576,0.014508897307191761,0.5049288899739739,0.01968405108316951,0.20416868438719152,0.029017794614383523,0.5067130019735799,0.023408631669062496,0.2050489131006842,0.03068015201174625,8,30,0.007400081995752874
linear,8,0.6,8.0,2000,1.0,0.0001,30,True,0.8825932082623271,0.007494866420480574,0.7408866723378499,0.007500561052099883,0.7539999981721243,0.04709491197476932,0.5206469962994258,0.017747601547399877,0.49542500674724577,0.06320281563967996,-0.0004442393779754639,0.8588382215040887,0.9140194495519002,0.02132591561149645,0.7921161949634552,0.015314594547944925,0.9965970781153577,0.011358516994193818,0.9967161222333376,0.01138162219093528,1195.9220811213177,13.628172781548276,1196.0838799296062,13.634564172382024,-0.26302115732828774,0.010813426480708255,-0.1053276224772213,0.015912393479827137,0.4383685955471463,0.018022377467847097,0.1755460374620355,0.02652065579971189,0.43992847480254965,0.021170088998751283,0.1763209250602434,0.027989234289618387,8,30,0.007500561052099883
linear,8,0.7,8.0,2000,1.0,0.0001,30,True,0.8808719584343431,0.007292180694373634,0.74189333319664,0.0074362092004569,0.751666667064031,0.04526422689352125,0.5189533124367396,0.01820694274398806,0.4973009963830312,0.06211318809866602,-0.059948364893595375,0.899194145249949,1.010381144285202,0.026144788210758253,0.8626933713754018,0.016013144198989027,0.9966383293759566,0.011354234824820396,0.9967595119714003,0.011346293754206782,1395.2979098134358,15.897172727501063,1395.5115171262105,15.87902454745095,-0.2541097015381015,0.010819450260556841,-0.09732688420612831,0.014836829808463065,0.36301385934014496,0.015456357515081204,0.13903840600875472,0.021195471154947236,0.36430861409900334,0.01807894082414708,0.13965209374506107,0.022376318841298756,8,30,0.0074362092004569
linear,8,0.8,8.0,2000,1.0,0.0001,30,True,0.8750670139915182,0.007943800661153548,0.7424033323923747,0.007550035251675296,0.7490000009536744,0.04722287430131735,0.5191160966952642,0.018516130299390046,0.4970015118519465,0.06308700418072123,-0.06574377417564392,0.9466957394178208,1.1350287397702534,0.03397377216348977,0.9568306644757588,0.01905698213215062,0.9966773281017849,0.011354342115193409,0.9967812458971161,0.011330631756779631,1594.685599339803,18.172407338464854,1594.867655463791,18.118887416524913,-0.2187746510823335,0.010489827768290449,-0.0733614632924553,0.01409179864121755,0.27346831385291687,0.013112284710363065,0.09170182911556912,0.01761474830152194,0.27444810955556953,0.014934735418027412,0.09210996556425766,0.018275360271753815,8,30,0.007550035251675296
linear,8,0.9,8.0,2000,1.0,0.0001,30,True,0.8572463900650911,0.009597290171109893,0.7392299989859263,0.007904655778331191,0.7529999951521555,0.0453454198089038,0.5232348958651225,0.01694226516879225,0.49957786202430726,0.061552362704911746,-0.20574850837389627,0.97916778585515,1.3160218675931294,0.04447470369249317,1.1070295731226603,0.021316185999328295,0.9967355054202539,0.01136995582096924,0.9967983095889732,0.011311596499359061,1794.1252948913575,20.468366966959227,1794.2413762544631,20.35216989212555,-0.14762184041343474,0.0070811150567654255,-0.0334260892868042,0.01029108809489526,0.1640242671260386,0.007867905618628249,0.03714009920756022,0.0114345423276614,0.16461185340808834,0.0089632536948194,0.03732936907784682,0.011718663874299056,8,30,0.007904655778331191
linear,8,0.95,8.0,2000,1.0,0.0001,30,True,0.8217294280458237,0.014621336971302109,0.7305233279863993,0.009005350718098335,0.7496666649977366,0.04582450169964005,0.5351639449596405,0.016302651314937876,0.5099814722935359,0.05777962978194488,0.1265688975652059,1.0084490816314975,1.4750937143961589,0.051280998162989075,1.27254110177358,0.026810753431879004,0.9967616740923273,0.011363212525890133,0.9968062563146042,0.011302641105413937,1893.8430712504069,21.59578766140696,1893.9329198738258,21.470804764043685,-0.09438431599937225,0.004497345003489933,-0.003924657424314258,0.007185041021681211,0.09935191157828657,0.004734047372094667,0.00413121834138343,0.007563201075453907,0.09970535999879182,0.005338642303267101,0.004177171177577321,0.007585946601733521,8,30,0.009005350718098335
