d,alpha,num_seeds,cosine_abs_mean,cosine_abs_std,cosine_abs_sem,cosine_sq_mean,cosine_sq_std,cosine_sq_sem,inverse_participation_ratio_mean,inverse_participation_ratio_std,inverse_participation_ratio_sem,spectral_gap_mean,spectral_gap_std,spectral_gap_sem
100,1.0,30,0.18735028969073317,0.14997589718557677,0.027381727323538652,0.05684314179259967,0.07678934833684344,0.014019752753403652,0.08810799975152091,0.032396970594842735,0.005914850529875642,0.46921458096563634,0.22346358098760588,0.0407986813625981
100,1.5444521049463789,30,0.19339668128384083,0.15649183935041533,0.02857137015923236,0.061075648922103806,0.09078798465877957,0.01657554238268218,0.09602544474251892,0.03896384329947338,0.00711379196740603,0.3220062946261818,0.14430303210163598,0.026346008599486048
100,2.385332304473301,30,0.2398767817128964,0.1856574320849735,0.03389625450714113,0.0908605964237102,0.11410458496328105,0.020832551699717938,0.11423241707885827,0.05308094778326691,0.009691210824883044,0.2527640378938557,0.13692347255800816,0.024998691523986885
100,3.6840314986403855,30,0.26149801510905407,0.17916450317148738,0.03271081329707651,0.09941113379610475,0.11514300150159033,0.021022139753757413,0.16269053575172762,0.08730114620759284,0.015938935691318396,0.23174680797998096,0.11657098172009943,0.021282852079540275
100,5.689810202763908,30,0.35130742726297015,0.18867584081124342,0.03444733802285728,0.1578288622590957,0.13915577457792758,0.02540625224781162,0.18504584882213965,0.10283248271899326,0.018774556809817596,0.18399822748691358,0.11228760313084567,0.020500817720983965
100,8.7876393444041,30,0.3829560154644779,0.18757568812364664,0.03424647854162505,0.18066712726298695,0.15305513311159347,0.027943916315725202,0.21598574843570495,0.11496982971937784,0.020990523056610363,0.1653709777533023,0.10814061604406551,0.019743684929946586
100,13.572088082974531,30,0.3976816313016565,0.21024935702409686,0.038386105181018364,0.20088197893282456,0.16238397281642172,0.02964712162961996,0.26719506961975276,0.16010066685305402,0.029230248902345775,0.14413506261908987,0.10180257639152793,0.01858652250059424
100,20.96144000826768,30,0.44312538826058395,0.19869016930789357,0.03627569589481797,0.23452196698803937,0.18268457904059357,0.03335348828295619,0.2840138243837976,0.15963787058193823,0.029145754249939308,0.1250467031271945,0.09435829468088214,0.01722738882814629
100,32.37394014347626,30,0.4694784607609419,0.216952924518467,0.03961000355849333,0.26590964419367497,0.18355124800984082,0.03351171966440502,0.33570471619745734,0.21347792974720664,0.0389755592173494,0.12785915419463925,0.08889533642240702,0.016229993671854303
100,50.0,30,0.4971967280493519,0.22043807759478753,0.04024630254391309,0.2941777675682105,0.20218220747502288,0.03691325192008655,0.36165793905633986,0.2598464870229794,0.04744126081031975,0.13115336989759904,0.07715454000514534,0.014086427324917617
200,1.0,30,0.11697215848053363,0.08505709380124249,0.015529229650257782,0.020676038091977964,0.02472615455143839,0.004514357536060613,0.04295192386188136,0.015465534811791668,0.00282360742676657,0.2735836797544389,0.14290002697170467,0.026089856080166434
200,1.5444521049463789,30,0.16625354698290598,0.10323525347248733,0.01884809235221495,0.03794250885860838,0.04216944365411747,0.007699051842267738,0.059332106602104105,0.022128470230594312,0.004040087436126016,0.1845001561429526,0.09965071593432537,0.018193648329589834
200,2.385332304473301,30,0.24842116788914084,0.13503319625700252,0.024653575867327485,0.07933924194374078,0.08311580238001756,0.015174799949559064,0.0739260283289284,0.03564164691701318,0.006507244667694192,0.14706878018800726,0.08270394119452307,0.015099604728940346
200,3.6840314986403855,30,0.24879910947672293,0.18065458140313032,0.03298286311704925,0.09344920539895257,0.11442029288006676,0.02089019181558677,0.09355399941652984,0.04188277761741305,0.007646714024009867,0.13986183900753957,0.08002757832227857,0.014610969956541134
200,5.689810202763908,30,0.2787790170902581,0.18158798624740416,0.03315327874654705,0.10959279722755157,0.11392838798925503,0.020800382680638538,0.13086914889507625,0.06479261983179617,0.011829459813910446,0.1246004770876454,0.07110468399301416,0.012981879789083453
200,8.7876393444041,30,0.3050931822663944,0.1778342058392982,0.03246793534473352,0.12365268780637942,0.12365697124371296,0.02257657084764975,0.19171676174105245,0.10729472338434082,0.019589246766293502,0.11297843473836859,0.07175172177739497,0.013100012185771299
200,13.572088082974531,30,0.3507610249248035,0.1967469481477168,0.035920913873601246,0.16045234615822426,0.152272235026444,0.02780097933523721,0.21202278154744178,0.09444039004787501,0.017242377322935844,0.10102678145407869,0.06064633965325088,0.011072456086068513
200,20.96144000826768,30,0.4074173487927241,0.1987132118451626,0.03627990286729944,0.20415960530705196,0.16592758906192676,0.030294094480554916,0.25904444781395963,0.14745665273344088,0.026921778318770462,0.09739332867617279,0.05755641474052817,0.01050831556083671
200,32.37394014347626,30,0.4422531572988094,0.19746042137341852,0.03605117566689885,0.2332787858827678,0.17212654483460713,0.03142586378377955,0.29405648456293154,0.18571123069721493,0.033906076744970155,0.08823481659536235,0.055737149902606385,0.010176164764234797
200,50.0,30,0.43649257502390176,0.19912300762400134,0.03635472099797957,0.22885407447738362,0.18575198695142983,0.03391351778490113,0.3435068517905078,0.20501644697163057,0.03743071088864125,0.08947474489787109,0.0631581687943795,0.011531051246466835
400,1.0,30,0.07527318853213989,0.05677573142813801,0.010365782940682062,0.00878208713502175,0.013337228060456351,0.002435033554434273,0.0251648183415041,0.006851126362565404,0.001250838817698463,0.13659441654931434,0.07472790071767589,0.013643385632692526
400,1.5444521049463789,30,0.12961487200132543,0.07717536032769891,0.014090228578356661,0.02255751674423976,0.021674958178095734,0.003957287842374704,0.033203021210437444,0.011329210372660522,0.002068421359942559,0.13255303674628105,0.0755232968029913,0.013788604425385376
400,2.385332304473301,30,0.14065073814516638,0.09712096371517201,0.017731780877813488,0.028900695680645107,0.0345089759546457,0.0063004481889209416,0.050035820472497744,0.018159965765277123,0.0033155409643879493,0.10578109225264586,0.05485329806088251,0.010014796233833246
400,3.6840314986403855,30,0.16311209399679574,0.0990802565773188,0.01808949717693237,0.03609522254333258,0.04267221822285077,0.007790845499812793,0.07738885450347759,0.03534080684665229,0.0064523190367814925,0.09722517284923884,0.0509506068799784,0.009302265568914026
400,5.689810202763908,30,0.20378193046530885,0.1336864012244631,0.024407685860774898,0.05880339392743778,0.06753869119825259,0.012330821557886189,0.10912377631292643,0.06338974838914262,0.011573331702436724,0.06605063850683472,0.05209635785392492,0.009511450120152035
400,8.7876393444041,30,0.19905783837921612,0.17251515085836813,0.031496813212178315,0.06839345105336876,0.10315027699417227,0.018832577840871445,0.16056138202735978,0.08554202719896102,0.015617765970530469,0.06715595198079208,0.038763575900967344,0.007077228310174486
400,13.572088082974531,30,0.2760526546169869,0.17231151131079353,0.03145963388757607,0.10490661648695482,0.11184502325539096,0.02042001406055584,0.22259435716869527,0.13892920914072915,0.025364887247576757,0.06646123429653052,0.03785108664754855,0.006910631327648312
400,20.96144000826768,30,0.2800218828922782,0.1976439384916215,0.03608468115534156,0.11617327710693395,0.12178521873500564,0.022234837157287787,0.2913164345933972,0.17366850303563416,0.03170738554692375,0.0567673075636779,0.033311189664522144,0.006081763332197242
400,32.37394014347626,30,0.32724308354455456,0.1923625601221465,0.03512043779944778,0.14285794511326982,0.1287116984834824,0.023499433558068935,0.367926025465285,0.2135764945498024,0.038993554605935316,0.05948001846619942,0.03139748622717075,0.005732370485193063
400,50.0,30,0.36862554667776465,0.16880450244481285,0.03081934459915332,0.16342992170760026,0.12761328985952108,0.023298892497834987,0.40958938936535366,0.22571821563551098,0.04121031944779488,0.06494456122066204,0.03261313321266752,0.005954316243832976
800,1.0,30,0.07681295329016041,0.057436257097523626,0.010486377876993297,0.009089189301550078,0.010970817212681722,0.0020029880205505767,0.013280369330855812,0.002875627423550798,0.0005250153356197449,0.11310253597354165,0.0664466341641508,0.012131440133999607
800,1.5444521049463789,30,0.06829823045028198,0.0658471442690382,0.012021988754483083,0.008855966477414405,0.013985461297028046,0.002553384209832573,0.020381679051999776,0.006720579497884213,0.0012270043301659754,0.07618308586490616,0.030440320216993985,0.005557616680176052
800,2.385332304473301,30,0.10637503732206466,0.07244298565263785,0.013226219124990954,0.016388701863196627,0.023031740157868873,0.004205001207687459,0.02866074019571011,0.009357237197975958,0.0017083899630859554,0.060465718151992406,0.02961720290206279,0.005407336706555753
800,3.6840314986403855,30,0.11249751409879198,0.1005620101646853,0.01836002713175398,0.022431317970491395,0.028886572173482016,0.005273942396139045,0.05437026022257182,0.024706294236823106,0.004510731555289299,0.05867611896590623,0.031169358597059785,0.005690720268859075
800,5.689810202763908,30,0.15389120921762692,0.08948577279962981,0.016337792112713155,0.03142328435689212,0.02863908722242665,0.005228758032693683,0.08918247836492575,0.04997427433571732,0.009124012449541292,0.046794899601275634,0.02800377836643318,0.005112767035556874
800,8.7876393444041,30,0.21286936480852672,0.10846745614267919,0.019803357494849228,0.05668638254798083,0.04988661640882351,0.009108008374906666,0.13851790078983903,0.0872814885284589,0.01593534670655511,0.043888093905781626,0.028717365868713873,0.005243049692807843
800,13.572088082974531,30,0.26378950655783007,0.13272540635379806,0.024232233004671564,0.08661373614541154,0.07320717965900123,0.013365741223522775,0.19475880641369597,0.13116561031272936,0.02394745451240471,0.04421745520160329,0.02934259279214996,0.005357199989316343
800,20.96144000826768,30,0.2660670395641722,0.14150115632310656,0.025834458410410075,0.09014682754185979,0.08297350465166309,0.015148820057658567,0.2969506619435724,0.1803985067612972,0.03293611049780357,0.04375485087100081,0.027974328819623848,0.005107390308524949
800,32.37394014347626,30,0.3162690612550165,0.14692664334073216,0.026825012285411735,0.1208939763463916,0.09747057279589881,0.01779561047108772,0.3286474004471973,0.1857822520030834,0.033919043402066036,0.045049693213468,0.02642848947576407,0.004825159948887954
800,50.0,30,0.36508678102228853,0.1433051637769335,0.0261638236025329,0.1531401819768457,0.10338751418080339,0.01887589122707042,0.33891171192948444,0.20445835595366435,0.037328817875414214,0.04631279114523484,0.02525794782781993,0.0046114492605285285
1600,1.0,30,0.05902967132874317,0.04063648361414126,0.007419172911051409,0.005080781771017695,0.005683729592543192,0.0010377023028651843,0.007914863781315213,0.0014895785683269205,0.0002719585943496349,0.06388130545827277,0.036204183304473087,0.0066099492906372785
1600,1.5444521049463789,30,0.0835524931536045,0.06158142093266686,0.011243177789347488,0.010646881469466499,0.0156858665424011,0.002863834313096216,0.010084594094922208,0.0027201868946564595,0.0004966359076110906,0.04968097523179516,0.028117948589443716,0.0051336115710696305
1600,2.385332304473301,30,0.09139483113789768,0.07111113070633102,0.01298305679251859,0.013241248305379925,0.01827819198699219,0.003337126020561932,0.016286882372066647,0.005793447244369021,0.001057733913819019,0.040753408757943,0.015869164172166966,0.0028972997286162146
1600,3.6840314986403855,30,0.09624720857796733,0.06833597063708616,0.012476384202314256,0.013777669879199659,0.018376659271206835,0.00335510360480881,0.025266995079413608,0.010943491104250152,0.0019979989785516425,0.034139949087771765,0.020610222847386808,0.003762894656240703
1600,5.689810202763908,30,0.14423371188004694,0.10425379696748932,0.019034052101552526,0.03130992268543024,0.03883027367155902,0.007089405601337275,0.058864375908131546,0.04366391520674038,0.007971903769241518,0.027284502109047357,0.019787336103063373,0.0036126567788613926
1600,8.7876393444041,30,0.15484101193798214,0.10930822701041842,0.019956860551500553,0.035525751187067425,0.04108223352327005,0.007500555337796648,0.09223825285167532,0.05308385143180389,0.009691740956150633,0.026795981650217866,0.01338591435255244,0.0024439224145750443
1600,13.572088082974531,30,0.2109627696294847,0.10993136309422667,0.02007062911466629,0.056187364608439205,0.046364141574359176,0.008464895399879869,0.14886299518503734,0.08502167778007608,0.015522763599027808,0.02603731136869659,0.012418928871801238,0.0022673758277125737
1600,20.96144000826768,30,0.2191081235857677,0.11348602658882075,0.020719618908109395,0.06045814544449726,0.06204583031826721,0.01132796695481763,0.23227616961922448,0.1225749520512064,0.022379022074519958,0.026895392111605958,0.014998011761761682,0.0027382497865482236
1600,32.37394014347626,30,0.24476162043163444,0.13563443117531057,0.02476334584303318,0.07769172645922785,0.06978148116655376,0.012740297110347803,0.2949336400596266,0.18180284878767936,0.03319250709990424,0.029875518130728883,0.014506419723160281,0.0026484977703375777
1600,50.0,30,0.2858759424087774,0.1511673032051516,0.02759924730756151,0.10381488955448084,0.08262268243703495,0.015084768977449986,0.34927527161253796,0.23269792228045347,0.042484633705862786,0.028637457275187735,0.014422241542477152,0.0026331290075342793
3200,1.0,30,0.039098808033354485,0.03118748124612688,0.005694028996757673,0.002468953809890672,0.0031377986807814523,0.0005728810394579844,0.0038981661931840666,0.0008775017063445702,0.00016020915960473177,0.04652853588140772,0.025352057016871193,0.004628631169099161
3200,1.5444521049463789,30,0.051969155694825304,0.03892099472729033,0.0071059689242255145,0.0041651421798426565,0.0052556520891248034,0.0009595464012042688,0.0054363735652592565,0.001531633201653819,0.00027963668478988516,0.028002433153305473,0.01714556857309925,0.0031303382229127073
3200,2.385332304473301,30,0.05148067551221772,0.04308648593965686,0.007866480090926413,0.0044448237128015275,0.005565023706625356,0.0010160296723899062,0.009550667438879164,0.003093434589850815,0.000564781301676011,0.02608950767465917,0.015858900828612084,0.0028954259070227365
3200,3.6840314986403855,30,0.0666825936116837,0.049352969163029926,0.009010578163482783,0.006801093337147669,0.00868964391423947,0.0015865046628388147,0.01596597251274006,0.00984324926980309,0.0017971232214058026,0.01845527823990786,0.010885597427285024,0.0019874290876147364
3200,5.689810202763908,30,0.07086165337725235,0.05241111575607074,0.00956891678787146,0.0076767348056608585,0.00978076580536077,0.0017857153537570922,0.03561489712763093,0.01834669451881052,0.0033496328145363034,0.021871898506836455,0.010071984480345584,0.0018388843662424082
3200,8.7876393444041,30,0.10020943693158227,0.08605464564446713,0.01571135686586278,0.017200486552573033,0.02631705663031077,0.004804815187854035,0.07301574669030668,0.03829112138160624,0.00699097031095804,0.02139173566416209,0.010811366211083615,0.0019738763837532183
3200,13.572088082974531,30,0.12748419654948873,0.08337444890956552,0.015222022129110346,0.022971809143143264,0.025050201865080533,0.004573520210520864,0.13355215715901692,0.07798806156691425,0.014238606845433542,0.01787177278867146,0.00867377588901335,0.0015836075710523461
3200,20.96144000826768,30,0.14637830947550065,0.098278817627996,0.01794317511326326,0.03076337794611708,0.034946067186552625,0.00638024976472199,0.22153630765327564,0.12502201291764056,0.022825792219898,0.017820371171671727,0.01264507918820204,0.0023086650376057906
3200,32.37394014347626,30,0.17282082814100583,0.108035725162304,0.01972453456260746,0.041149699286976434,0.04670162327904264,0.008526510847346678,0.30371078417823066,0.1709896685782579,0.031218299526881387,0.01878643277661153,0.01317808925473443,0.00240597891654483
3200,50.0,30,0.20777642077782346,0.1148534093025961,0.02096926769380186,0.05592263647205848,0.05851350425329132,0.010683055399400712,0.3668080805486276,0.1975440065415184,0.036066436160912575,0.018445317606027252,0.01339471012627998,0.002445528295802139
6400,1.0,30,0.023973466556288688,0.018728564267054493,0.0034193523729169847,0.0009137942475804813,0.0014040735887506624,0.00025634759231865656,0.0018818474914691634,0.00016695600859271362,3.0481857339085198e-05,0.03267857095306854,0.015598555423238205,0.002847893556600703
6400,1.5444521049463789,30,0.036404470711828396,0.030273941843707124,0.005527240284132644,0.0022112466574059587,0.0031609645100587383,0.0005771105218774789,0.002755208163206373,0.00038602584534622907,7.047835442537677e-05,0.0189306660317208,0.012406253908625476,0.00226506170663027
6400,2.385332304473301,30,0.052465080533764426,0.04056609106096887,0.007406321047967109,0.004343338827915605,0.005413065755629121,0.0009882860732056055,0.005155243099699317,0.0015283360696417244,0.00027903471359718633,0.016233079156219705,0.007902361989415468,0.0014427673063914174
6400,3.6840314986403855,30,0.07172992160173504,0.05754414021164228,0.010506074548718861,0.00834613212326492,0.011673301354787865,0.0021312434908576433,0.010717951686900224,0.005467027781347063,0.0009981381461170692,0.013091549708861677,0.007234352809378987,0.0013208060742159141
6400,5.689810202763908,30,0.07724886954475561,0.05179483868836768,0.009456400503986755,0.008560669650204866,0.010051287218208372,0.0018351055804586922,0.020347252681133597,0.009749791464808782,0.0017800602387490355,0.011418724813323537,0.0061521212553144805,0.0011232185293475801
6400,8.7876393444041,30,0.12051166301018507,0.07336657053951796,0.013394841883762651,0.019726292805119436,0.020900267768910425,0.0038158493716434704,0.04895230265888763,0.02820149848327604,0.005148865624912672,0.011168718203425883,0.005121185099874155,0.0009349962001201407
6400,13.572088082974531,30,0.1279144396486581,0.07661016226325615,0.013987038001905474,0.02203558360056584,0.0212904705707918,0.00388709033050752,0.10909017581330607,0.06601248779632901,0.012052176214361297,0.01157632835047888,0.006195852005156825,0.0011312026353960025
6400,20.96144000826768,30,0.12639030455460673,0.07560092910932453,0.013802778080508664,0.021499492884859545,0.022926505193944003,0.004185788019827495,0.18982962247405682,0.1046152287492489,0.019100040214842195,0.010954580930050757,0.00655593335298146,0.001196944194309475
6400,32.37394014347626,30,0.14318778562220372,0.09415169475810096,0.017189669015450933,0.02907179885635199,0.034044354360493044,0.006215620279647135,0.3099421775494685,0.1704623349915103,0.031122022026617468,0.011335318154605336,0.0067136032899980345,0.0012257306546909403
6400,50.0,30,0.1466962519606185,0.10624883445035897,0.01939829444569787,0.032432311333951025,0.04120212897362838,0.007522445152031146,0.4150376281757849,0.21868491228998693,0.03992621981575486,0.012815446778624203,0.0072156000630001545,0.0013173823068136274
12800,1.0,30,0.02234927684789758,0.018271247670337668,0.0033358581676025518,0.0008222007173404079,0.0010359145714917692,0.00018913125948478003,0.0009689222361805533,6.814626662506679e-05,1.2441749146770175e-05,0.01877567949059976,0.011365682738359962,0.0020750802724156126
12800,1.5444521049463789,30,0.026060028417877076,0.019152519539074778,0.0034967556615365675,0.00103371678567866,0.0014039577356136784,0.0002563264405264953,0.0014746474029224334,0.00023538466473027903,4.297516352118817e-05,0.01329371131363246,0.005940630050985555,0.0010846056949059511
12800,2.385332304473301,30,0.0323603736190998,0.021606515847396788,0.00394479203957069,0.0014984739235960345,0.0018766758694443997,0.00034263256894010596,0.0026792229983461464,0.0006014290884459633,0.00010980542616054126,0.009329379265332532,0.004717457428302776,0.0008612859491839134
12800,3.6840314986403855,30,0.04549537799393629,0.03137473852445667,0.005728217341890423,0.0030213911623731926,0.003284718965729812,0.0005997048908650855,0.005257210734710223,0.0018123148434042492,0.0003308819070113167,0.00884125614043771,0.005742871718878631,0.001048500128429431
12800,5.689810202763908,30,0.04134599632105212,0.035960835744975425,0.0065655203080870455,0.002959567062341622,0.004810316077772659,0.0008782395415086201,0.014514532361496192,0.008398688149882741,0.0015333836510473692,0.008625849283493948,0.0037813922745737515,0.0006903846158532709
12800,8.7876393444041,30,0.06409857982839184,0.04453096636645176,0.008130204928803165,0.006025534669362401,0.006922667162067133,0.00126390032092148,0.033263702330852664,0.01946765123071955,0.0035542905735694353,0.007659269931608017,0.003516724313516167,0.0006420630783465583
12800,13.572088082974531,30,0.06865798260560191,0.05376958592480707,0.009816938372909704,0.007508714666978794,0.009570761155151998,0.00174737392572365,0.0843311870894672,0.05063897186275707,0.00924536905936715,0.0068606014946718235,0.0037987025363359858,0.0006935450228011024
12800,20.96144000826768,30,0.07575696865963073,0.06242970318201373,0.011398052230380321,0.00950667054524409,0.012216265839109106,0.0022303747895199445,0.1823944290246138,0.09839355822261174,0.017964123783907455,0.006746234688875817,0.0039893610885592835,0.0007283543527457615
12800,32.37394014347626,30,0.08796695301618995,0.059818915132303925,0.010921389727816663,0.011197210676971447,0.013278747890842045,0.002424356585079445,0.27220735936694396,0.11454040607396217,0.020912121384170274,0.007255972777637227,0.002827075896058085,0.0005161510800167145
12800,50.0,30,0.10270369100658787,0.06834449568234063,0.0124779406555108,0.015063319233447676,0.017544733384996063,0.0032032154134587713,0.40513459392835555,0.1387441410210509,0.02533109858630248,0.007282896945530774,0.0033476892440364296,0.000611201638158723
25600,1.0,30,0.013465690690525146,0.010137086062679695,0.0018507702346336325,0.00028065998915362695,0.00043627196768291244,7.965199930236532e-05,0.00048142294807899,3.4575685182302504e-05,6.3126275718480685e-06,0.010239919443824323,0.005331298926897633,0.0009733575610216397
25600,1.5444521049463789,30,0.017654717675036905,0.012976954920283036,0.0023692569791888916,0.0004744770365548567,0.000597212636493952,0.00010903561087829017,0.0007628325225154801,8.87323337317911e-05,1.620023358832618e-05,0.008327408381757757,0.004445327171517824,0.0008116019891103162
25600,2.385332304473301,30,0.023080894516119502,0.01874936792346669,0.003423150583548834,0.0008725485292760635,0.001206895139287314,0.00022034789744366712,0.0013359656968981665,0.0002508477033099998,4.579831520041674e-05,0.007319131876669733,0.004018981765385229,0.0007337623237011416
25600,3.6840314986403855,30,0.02834542151581382,0.021450459702710332,0.003916300216010003,0.0012482477349848068,0.0016453317865476958,0.00030039511135748266,0.00261464542375542,0.000495397056228026,9.0446714205915e-05,0.00518267647531456,0.002600022702002641,0.000474697027970793
25600,5.689810202763908,30,0.03902250510189491,0.02622972650544752,0.004788870961408253,0.002187821171892928,0.0027753828734768814,0.0005067132685055982,0.007473922201776764,0.0025644170037019795,0.00046819634659246115,0.004561452417697003,0.0025131755566552777,0.00045884098111689944
25600,8.7876393444041,30,0.04052589922613387,0.032432826014647365,0.005921396803954246,0.002659173771273227,0.0033722846649789306,0.0006156921271125707,0.027774024160921455,0.01770856197177816,0.0032331262843070204,0.005045935908915527,0.0028540166046158826,0.0005210697579474739
25600,13.572088082974531,30,0.047472525196878924,0.02767931179821306,0.005053527816033392,0.0029942468068035358,0.0032422456248450784,0.0005919503552333606,0.0763966238960563,0.045835721019501174,0.00836841944729816,0.00511606731603226,0.003237149138868065,0.0005910198684554876
25600,20.96144000826768,30,0.04810013567208985,0.043286427013196495,0.007902984169642899,0.004124880656456573,0.00846198633228046,0.0015449402651634713,0.15297100389310378,0.07178972421391842,0.013106950449679316,0.00425542081200177,0.0026863518736333363,0.000490458506195082
25600,32.37394014347626,30,0.05411916469770404,0.04278795921355339,0.007811976816958066,0.0046986664594491955,0.005360214787645539,0.0009786368507554084,0.25662435438185616,0.11310786713354572,0.020650576753446725,0.005488920122980364,0.0027210315606626153,0.000496790121819467
25600,50.0,30,0.06815885543466657,0.04396209351745662,0.008026343431554209,0.006513873051720088,0.006999807002408385,0.0012779840644672306,0.39407376291118396,0.13403902721000596,0.024472066262989672,0.005134880234958866,0.0026636701192169657,0.0004863174033492024
