method,rho,n_independent_pretraining_and_split_seeds,classifiers_per_encoder,test_accuracy_mean,test_accuracy_std,test_accuracy_sem,error_bar_definition,pretraining_images,linear_probe_training_images,linear_probe_validation_images,validation_selected_pretraining_epoch
"K=1, no image augmentation",0.1,5,1,0.44784,0.0066447723813536,0.0029716325479439,sample SD across 5 encoder/data-split seeds,40000,40000,10000,
"K=1, no image augmentation",0.171875,5,1,0.45406,0.0067039540571218,0.0029980993979519,sample SD across 5 encoder/data-split seeds,40000,40000,10000,
"K=1, no image augmentation",0.25,5,1,0.4458,0.0073423429503122,0.0032835955902029,sample SD across 5 encoder/data-split seeds,40000,40000,10000,
"K=1, no image augmentation",0.375,5,1,0.44758,0.0029473717105244,0.0013181046999385,sample SD across 5 encoder/data-split seeds,40000,40000,10000,
"K=1, no image augmentation",0.5,5,1,0.4429599999999999,0.0062460387446765,0.0027933134446388,sample SD across 5 encoder/data-split seeds,40000,40000,10000,
"K=1, no image augmentation",0.625,5,1,0.4336,0.0105711872559329,0.0047275786614291,sample SD across 5 encoder/data-split seeds,40000,40000,10000,
"K=1, no image augmentation",0.75,5,1,0.4208599999999999,0.001842009771961,0.0008237718130647,sample SD across 5 encoder/data-split seeds,40000,40000,10000,
"K=1, no image augmentation",0.828125,5,1,0.42528,0.0094690020593513,0.004234666456759,sample SD across 5 encoder/data-split seeds,40000,40000,10000,
"K=1, no image augmentation",0.9,5,1,0.41302,0.0107010279880019,0.00478564520206,sample SD across 5 encoder/data-split seeds,40000,40000,10000,
"Dynamic masking ($K\to\infty$, step-matched)",0.1,5,1,0.52798,0.0051314715238418,0.0022948638303829,sample SD across 5 encoder/data-split seeds,40000,40000,10000,
"Dynamic masking ($K\to\infty$, step-matched)",0.171875,5,1,0.54392,0.0070637808573029,0.0031590188350182,sample SD across 5 encoder/data-split seeds,40000,40000,10000,
"Dynamic masking ($K\to\infty$, step-matched)",0.25,5,1,0.54616,0.0083272444421909,0.0037240569275992,sample SD across 5 encoder/data-split seeds,40000,40000,10000,
"Dynamic masking ($K\to\infty$, step-matched)",0.375,5,1,0.55478,0.0095248097093852,0.0042596243965871,sample SD across 5 encoder/data-split seeds,40000,40000,10000,
"Dynamic masking ($K\to\infty$, step-matched)",0.5,5,1,0.5755799999999999,0.0027824449680092,0.0012443472184241,sample SD across 5 encoder/data-split seeds,40000,40000,10000,
"Dynamic masking ($K\to\infty$, step-matched)",0.625,5,1,0.58186,0.0056923633053416,0.0025457022606738,sample SD across 5 encoder/data-split seeds,40000,40000,10000,
"Dynamic masking ($K\to\infty$, step-matched)",0.75,5,1,0.5759799999999999,0.0055881123825492,0.0024990798306576,sample SD across 5 encoder/data-split seeds,40000,40000,10000,
"Dynamic masking ($K\to\infty$, step-matched)",0.828125,5,1,0.57084,0.0034326374699347,0.0015351221449773,sample SD across 5 encoder/data-split seeds,40000,40000,10000,
"Dynamic masking ($K\to\infty$, step-matched)",0.9,5,1,0.53854,0.0035302974378938,0.0015787970103848,sample SD across 5 encoder/data-split seeds,40000,40000,10000,
"Dynamic masking ($K\to\infty$, step-matched)",0.05,5,1,0.5076799999999999,0.0069164297148167,0.0030931214007859,sample SD across 5 encoder/data-split seeds,40000,40000,10000,
"Dynamic masking ($K\to\infty$, step-matched)",0.95,5,1,0.484,0.0078032044699597,0.003489699127432,sample SD across 5 encoder/data-split seeds,40000,40000,10000,
Dynamic masking + dynamic U-MAE image augmentation,0.625,5,1,0.5656999999999999,0.0024789110512481215,0.001108602724153253,sample SD across 5 encoder/data-split seeds,40000,40000,10000,
Full reconstruction,,5,1,0.41196,0.0051626543560459,0.0023088092168908,sample SD across 5 encoder/data-split seeds,40000,40000,10000,16.0
